1	это	это	PRON	_	Animacy=Inan|Case=Nom|Gender=Neut|Number=Sing	_	_	_	words@knp1932m	@knp1932m	00:00:00.000	00:00:00.315
2	была	быть	AUX	_	Aspect=Imp|Gender=Fem|Mood=Ind|Number=Sing|Tense=Past|VerbForm=Fin|Voice=Act	_	_	_	words@knp1932m	@knp1932m	00:00:00.315	00:00:00.547
3	так	так	ADV	_	Degree=Pos	_	_	_	words@knp1932m	@knp1932m	00:00:00.547	00:00:00.695
4	сказать	сказать	VERB	_	Aspect=Perf|VerbForm=Inf|Voice=Act	_	_	_	words@knp1932m	@knp1932m	00:00:00.695	00:00:00.917
5	станция	станция	NOUN	_	Animacy=Inan|Case=Nom|Gender=Fem|Number=Sing	_	_	_	words@knp1932m	@knp1932m	00:00:00.917	00:00:01.386
6	которая	который	PRON	_	Case=Nom|Gender=Fem|Number=Sing	_	_	_	words@knp1932m	@knp1932m	00:00:01.386	00:00:01.895
7	/	/	PUNCT	_	_	_	_	_	words@knp1932m	@knp1932m	00:00:01.895	00:00:02.347
8	работала	работать	VERB	_	Aspect=Imp|Gender=Fem|Mood=Ind|Number=Sing|Tense=Past|VerbForm=Fin|Voice=Act	_	_	_	words@knp1932m	@knp1932m	00:00:02.347	00:00:02.939
9	в	в	ADP	_	_	_	_	_	words@knp1932m	@knp1932m	00:00:02.939	00:00:03.030
10	великолепном	великолепный	ADJ	_	Case=Loc|Degree=Pos|Gender=Masc|Number=Sing	_	_	_	words@knp1932m	@knp1932m	00:00:03.030	00:00:03.847
11	/	/	PUNCT	_	_	_	_	_	words@knp1932m	@knp1932m	00:00:03.847	00:00:04.017
12	климатическом	климатический	ADJ	_	Case=Loc|Degree=Pos|Gender=Masc|Number=Sing	_	_	_	words@knp1932m	@knp1932m	00:00:04.017	00:00:04.813
13	ре...	ре.ий	NOUN	_	Abbr=Yes	_	_	_	words@knp1932m	@knp1932m	00:00:04.813	00:00:05.117
14	эээ	эээ	DET	_	_	_	_	_	words@knp1932m	@knp1932m	00:00:05.117	00:00:05.382
15	районе	район	NOUN	_	Animacy=Inan|Case=Loc|Gender=Masc|Number=Sing	_	_	_	words@knp1932m	@knp1932m	00:00:05.382	00:00:05.909
16	//	//	PUNCT	_	_	_	_	_	words@knp1932m	@knp1932m	00:00:05.909	00:00:05.960
17	эээ	эээ	NOUN	_	Animacy=Inan|Case=Nom|Gender=Neut|Number=Sing	_	_	_	words@knp1932m	@knp1932m	00:00:06.790	00:00:07.291
18	значит	значить	VERB	_	Aspect=Imp|Mood=Ind|Number=Sing|Person=3|Tense=Pres|VerbForm=Fin|Voice=Act	_	_	_	words@knp1932m	@knp1932m	00:00:07.291	00:00:07.808
19	эээ	эээ	PRON	_	_	_	_	_	words@knp1932m	@knp1932m	00:00:07.808	00:00:08.282
20	там	там	ADV	_	Degree=Pos	_	_	_	words@knp1932m	@knp1932m	00:00:08.282	00:00:08.832
21	/	/	PUNCT	_	_	_	_	_	words@knp1932m	@knp1932m	00:00:08.832	00:00:09.300
22	проходила	проходить	VERB	_	Aspect=Imp|Gender=Fem|Mood=Ind|Number=Sing|Tense=Past|VerbForm=Fin|Voice=Act	_	_	_	words@knp1932m	@knp1932m	00:00:09.300	00:00:09.869
23	практика	практика	NOUN	_	Animacy=Inan|Case=Nom|Gender=Fem|Number=Sing	_	_	_	words@knp1932m	@knp1932m	00:00:09.869	00:00:10.460
24	студентов	студент	NOUN	_	Animacy=Anim|Case=Gen|Gender=Masc|Number=Plur	_	_	_	words@knp1932m	@knp1932m	00:00:10.460	00:00:11.078
25	которые	который	PRON	_	Case=Nom|Number=Plur	_	_	_	words@knp1932m	@knp1932m	00:00:11.078	00:00:11.578
26	/	/	PUNCT	_	_	_	_	_	words@knp1932m	@knp1932m	00:00:11.578	00:00:12.365
27	учились	учиться	VERB	_	Aspect=Imp|Mood=Ind|Number=Plur|Tense=Past|VerbForm=Fin|Voice=Mid	_	_	_	words@knp1932m	@knp1932m	00:00:12.365	00:00:12.818
28	и	и	CCONJ	_	_	_	_	_	words@knp1932m	@knp1932m	00:00:12.818	00:00:12.913
29	в	в	ADP	_	_	_	_	_	words@knp1932m	@knp1932m	00:00:12.913	00:00:12.959
30	нашем	наш	DET	_	Case=Loc|Gender=Masc|Number=Sing	_	_	_	words@knp1932m	@knp1932m	00:00:12.959	00:00:13.330
31	институте	институт	NOUN	_	Animacy=Inan|Case=Loc|Gender=Masc|Number=Sing	_	_	_	words@knp1932m	@knp1932m	00:00:13.330	00:00:13.969
32	а	а	CCONJ	_	_	_	_	_	words@knp1932m	@knp1932m	00:00:13.969	00:00:14.069
33	на	на	ADP	_	_	_	_	_	words@knp1932m	@knp1932m	00:00:14.069	00:00:14.170
34	нашей	наш	DET	_	Case=Loc|Gender=Fem|Number=Sing	_	_	_	words@knp1932m	@knp1932m	00:00:14.170	00:00:14.556
35	кафедре	кафедра	NOUN	_	Animacy=Inan|Case=Loc|Gender=Fem|Number=Sing	_	_	_	words@knp1932m	@knp1932m	00:00:14.556	00:00:14.969
36	учились	учиться	VERB	_	Aspect=Imp|Mood=Ind|Number=Plur|Tense=Past|VerbForm=Fin|Voice=Mid	_	_	_	words@knp1932m	@knp1932m	00:00:14.969	00:00:15.434
37	/	/	PUNCT	_	_	_	_	_	words@knp1932m	@knp1932m	00:00:15.434	00:00:15.991
38	в	в	ADP	_	_	_	_	_	words@knp1932m	@knp1932m	00:00:15.991	00:00:16.100
39	равном	равный	ADJ	_	Case=Loc|Degree=Pos|Gender=Neut|Number=Sing	_	_	_	words@knp1932m	@knp1932m	00:00:16.100	00:00:16.530
40	количестве	количество	NOUN	_	Animacy=Inan|Case=Loc|Gender=Neut|Number=Sing	_	_	_	words@knp1932m	@knp1932m	00:00:16.530	00:00:17.052
41	как	как	SCONJ	_	_	_	_	_	words@knp1932m	@knp1932m	00:00:17.052	00:00:17.243
42	студенты	студент	NOUN	_	Animacy=Anim|Case=Nom|Gender=Masc|Number=Plur	_	_	_	words@knp1932m	@knp1932m	00:00:17.243	00:00:17.926
43	из	из	ADP	_	_	_	_	_	words@knp1932m	@knp1932m	00:00:17.926	00:00:18.110
44	/	/	PUNCT	_	_	_	_	_	words@knp1932m	@knp1932m	00:00:18.110	00:00:18.313
45	стран	страна	NOUN	_	Animacy=Inan|Case=Gen|Gender=Fem|Number=Plur	_	_	_	words@knp1932m	@knp1932m	00:00:18.313	00:00:18.686
46	бывшего	бывший	ADJ	_	Case=Gen|Degree=Pos|Gender=Masc|Number=Sing	_	_	_	words@knp1932m	@knp1932m	00:00:18.686	00:00:19.108
47	восточного	восточный	ADJ	_	Case=Gen|Degree=Pos|Gender=Masc|Number=Sing	_	_	_	words@knp1932m	@knp1932m	00:00:19.108	00:00:19.760
48	/	/	PUNCT	_	_	_	_	_	words@knp1932m	@knp1932m	00:00:19.760	00:00:20.186
49	блока	блок	NOUN	_	Animacy=Inan|Case=Gen|Gender=Masc|Number=Sing	_	_	_	words@knp1932m	@knp1932m	00:00:20.186	00:00:20.530
50	/	/	PUNCT	_	_	_	_	_	words@knp1932m	@knp1932m	00:00:20.530	00:00:21.113
51	нашего	наш	DET	_	Case=Gen|Gender=Masc|Number=Sing	_	_	_	words@knp1932m	@knp1932m	00:00:21.113	00:00:21.634
52	/	/	PUNCT	_	_	_	_	_	words@knp1932m	@knp1932m	00:00:21.634	00:00:21.826
53	так	так	ADV	_	Degree=Pos	_	_	_	words@knp1932m	@knp1932m	00:00:21.826	00:00:22.073
54	и	и	PART	_	_	_	_	_	words@knp1932m	@knp1932m	00:00:22.073	00:00:22.486
55	/	/	PUNCT	_	_	_	_	_	words@knp1932m	@knp1932m	00:00:22.486	00:00:22.824
56	эээ	эээ	PRON	_	Animacy=Inan|Case=Nom|Gender=Neut|Number=Sing	_	_	_	words@knp1932m	@knp1932m	00:00:22.824	00:00:23.121
57	советские	советский	ADJ	_	Case=Nom|Degree=Pos|Number=Plur	_	_	_	words@knp1932m	@knp1932m	00:00:23.121	00:00:23.639
58	студенты	студент	NOUN	_	Animacy=Anim|Case=Nom|Gender=Masc|Number=Plur	_	_	_	words@knp1932m	@knp1932m	00:00:23.639	00:00:24.226
59	//	//	PUNCT	_	_	_	_	_	words@knp1932m	@knp1932m	00:00:24.226	00:00:24.252
60	и	и	CCONJ	_	_	_	_	_	words@knp1932m	@knp1932m	00:00:24.760	00:00:24.789
61	вот	вот	PART	_	_	_	_	_	words@knp1932m	@knp1932m	00:00:24.789	00:00:24.982
62	пых...	пых..ий	ADJ	_	Abbr=Yes	_	_	_	words@knp1932m	@knp1932m	00:00:24.982	00:00:25.200
63	пэ...	пэ...	NOUN	_	Abbr=Yes	_	_	_	words@knp1932m	@knp1932m	00:00:25.200	00:00:25.539
64	эээ	эээ	NOUN	_	Abbr=Yes	_	_	_	words@knp1932m	@knp1932m	00:00:25.539	00:00:25.735
65	они	они	PRON	_	Case=Nom|Number=Plur|Person=3	_	_	_	words@knp1932m	@knp1932m	00:00:25.735	00:00:25.982
66	проходили	проходить	VERB	_	Aspect=Imp|Mood=Ind|Number=Plur|Tense=Past|VerbForm=Fin|Voice=Act	_	_	_	words@knp1932m	@knp1932m	00:00:25.982	00:00:26.430
67	практику	практика	NOUN	_	Animacy=Inan|Case=Acc|Gender=Fem|Number=Sing	_	_	_	words@knp1932m	@knp1932m	00:00:26.430	00:00:26.982
68	туда	туда	ADV	_	Degree=Pos	_	_	_	words@knp1932m	@knp1932m	00:00:26.982	00:00:27.269
69	ездили	ездить	VERB	_	Aspect=Imp|Mood=Ind|Number=Plur|Tense=Past|VerbForm=Fin|Voice=Act	_	_	_	words@knp1932m	@knp1932m	00:00:27.269	00:00:27.747
70	/	/	PUNCT	_	_	_	_	_	words@knp1932m	@knp1932m	00:00:27.747	00:00:27.926
71	и	и	CCONJ	_	_	_	_	_	words@knp1932m	@knp1932m	00:00:27.926	00:00:27.965
72	в	в	ADP	_	_	_	_	_	words@knp1932m	@knp1932m	00:00:27.965	00:00:28.021
73	общем	общий	ADJ	_	Case=Loc|Degree=Pos|Gender=Neut|Number=Sing	_	_	_	words@knp1932m	@knp1932m	00:00:28.021	00:00:28.278
74	оказалось	оказаться	VERB	_	Aspect=Perf|Gender=Neut|Mood=Ind|Number=Sing|Tense=Past|VerbForm=Fin|Voice=Mid	_	_	_	words@knp1932m	@knp1932m	00:00:28.278	00:00:28.839
75	так	так	ADV	_	Degree=Pos	_	_	_	words@knp1932m	@knp1932m	00:00:28.839	00:00:29.113
76	что	что	SCONJ	_	_	_	_	_	words@knp1932m	@knp1932m	00:00:29.113	00:00:29.382
77	/	/	PUNCT	_	_	_	_	_	words@knp1932m	@knp1932m	00:00:29.382	00:00:30.000
78	ученые	ученый	NOUN	_	Animacy=Anim|Case=Nom|Gender=Masc|Number=Plur	_	_	_	words@knp1932m	@knp1932m	00:00:30.000	00:00:30.513
79	которые	который	PRON	_	Case=Nom|Number=Plur	_	_	_	words@knp1932m	@knp1932m	00:00:30.513	00:00:30.916
80	занимались	заниматься	VERB	_	Aspect=Imp|Mood=Ind|Number=Plur|Tense=Past|VerbForm=Fin|Voice=Mid	_	_	_	words@knp1932m	@knp1932m	00:00:30.916	00:00:31.621
81	проектированием	проектирование	NOUN	_	Animacy=Inan|Case=Ins|Gender=Neut|Number=Sing	_	_	_	words@knp1932m	@knp1932m	00:00:31.621	00:00:32.378
82	/	/	PUNCT	_	_	_	_	_	words@knp1932m	@knp1932m	00:00:32.378	00:00:32.808
83	и	и	CCONJ	_	_	_	_	_	words@knp1932m	@knp1932m	00:00:32.808	00:00:33.000
84	созданием	создание	NOUN	_	Animacy=Inan|Case=Ins|Gender=Neut|Number=Sing	_	_	_	words@knp1932m	@knp1932m	00:00:33.000	00:00:33.578
85	Чернобыльской	чернобыльский	ADJ	_	Case=Gen|Degree=Pos|Gender=Fem|Number=Sing	_	_	_	words@knp1932m	@knp1932m	00:00:33.578	00:00:34.191
86	станции	станция	NOUN	_	Animacy=Inan|Case=Gen|Gender=Fem|Number=Sing	_	_	_	words@knp1932m	@knp1932m	00:00:34.191	00:00:34.682
87	/	/	PUNCT	_	_	_	_	_	words@knp1932m	@knp1932m	00:00:34.682	00:00:35.091
88	начали	начать	VERB	_	Aspect=Perf|Mood=Ind|Number=Plur|Tense=Past|VerbForm=Fin|Voice=Act	_	_	_	words@knp1932m	@knp1932m	00:00:35.091	00:00:35.552
89	даже	даже	PART	_	_	_	_	_	words@knp1932m	@knp1932m	00:00:35.552	00:00:35.910
90	ве...	ве...	NOUN	_	Abbr=Yes	_	_	_	words@knp1932m	@knp1932m	00:00:35.910	00:00:36.286
91	в	в	ADP	_	_	_	_	_	words@knp1932m	@knp1932m	00:00:36.286	00:00:36.360
92	летнее	летний	ADJ	_	Case=Acc|Degree=Pos|Gender=Neut|Number=Sing	_	_	_	words@knp1932m	@knp1932m	00:00:36.360	00:00:36.778
93	время	время	NOUN	_	Animacy=Inan|Case=Acc|Gender=Neut|Number=Sing	_	_	_	words@knp1932m	@knp1932m	00:00:36.778	00:00:37.113
94	возить	возить	VERB	_	Aspect=Imp|VerbForm=Inf|Voice=Act	_	_	_	words@knp1932m	@knp1932m	00:00:37.113	00:00:37.530
95	туда	туда	ADV	_	Degree=Pos	_	_	_	words@knp1932m	@knp1932m	00:00:37.530	00:00:37.813
96	свои	свой	DET	_	Animacy=Inan|Case=Acc|Number=Plur	_	_	_	words@knp1932m	@knp1932m	00:00:37.813	00:00:38.160
97	семьи	семья	NOUN	_	Animacy=Inan|Case=Acc|Gender=Fem|Number=Plur	_	_	_	words@knp1932m	@knp1932m	00:00:38.160	00:00:38.686
98	/	/	PUNCT	_	_	_	_	_	words@knp1932m	@knp1932m	00:00:38.686	00:00:39.626
99	так	так	ADV	_	Degree=Pos	_	_	_	words@knp1932m	@knp1932m	00:00:39.626	00:00:39.778
100	сказать	сказать	VERB	_	Aspect=Perf|VerbForm=Inf|Voice=Act	_	_	_	words@knp1932m	@knp1932m	00:00:39.778	00:00:40.030
101	отдыхать	отдыхать	VERB	_	Aspect=Imp|VerbForm=Inf|Voice=Act	_	_	_	words@knp1932m	@knp1932m	00:00:40.030	00:00:40.595
102	всё	все	PRON	_	Animacy=Inan|Case=Acc|Gender=Neut|Number=Sing	_	_	_	words@knp1932m	@knp1932m	00:00:40.595	00:00:40.817
103	было	быть	AUX	_	Aspect=Imp|Gender=Neut|Mood=Ind|Number=Sing|Tense=Past|VerbForm=Fin|Voice=Act	_	_	_	words@knp1932m	@knp1932m	00:00:40.817	00:00:40.994
104	великолепно	великолепный	ADJ	_	Degree=Pos|Gender=Neut|Number=Sing|Variant=Short	_	_	_	words@knp1932m	@knp1932m	00:00:40.994	00:00:41.743
105	/	/	PUNCT	_	_	_	_	_	words@knp1932m	@knp1932m	00:00:41.743	00:00:41.834
106	так	так	ADV	_	Degree=Pos	_	_	_	words@knp1932m	@knp1932m	00:00:41.834	00:00:41.945
107	сказать	сказать	VERB	_	Aspect=Perf|VerbForm=Inf|Voice=Act	_	_	_	words@knp1932m	@knp1932m	00:00:41.945	00:00:42.189
108	город	город	NOUN	_	Animacy=Inan|Case=Acc|Gender=Masc|Number=Sing	_	_	_	words@knp1932m	@knp1932m	00:00:42.189	00:00:42.556
109	цветущий	цвести	VERB	_	Animacy=Inan|Aspect=Imp|Case=Acc|Gender=Masc|Number=Sing|Tense=Pres|VerbForm=Part|Voice=Act	_	_	_	words@knp1932m	@knp1932m	00:00:42.556	00:00:43.404
110	//	//	PUNCT	_	_	_	_	_	words@knp1932m	@knp1932m	00:00:43.404	00:00:43.440
111	то	то	PRON	_	Animacy=Inan|Case=Nom|Gender=Neut|Number=Sing	_	_	_	words@knp1932m	@knp1932m	00:00:43.783	00:00:43.908
112	есть	быть	VERB	_	Aspect=Imp|Mood=Ind|Number=Sing|Person=3|Tense=Pres|VerbForm=Fin|Voice=Act	_	_	_	words@knp1932m	@knp1932m	00:00:43.908	00:00:44.113
113	было	быть	VERB	_	Aspect=Imp|Gender=Neut|Mood=Ind|Number=Sing|Tense=Past|VerbForm=Fin|Voice=Act	_	_	_	words@knp1932m	@knp1932m	00:00:44.113	00:00:44.469
114	/	/	PUNCT	_	_	_	_	_	words@knp1932m	@knp1932m	00:00:44.469	00:00:45.052
115	у	у	ADP	_	_	_	_	_	words@knp1932m	@knp1932m	00:00:45.052	00:00:45.124
116	населения	население	NOUN	_	Animacy=Inan|Case=Gen|Gender=Neut|Number=Sing	_	_	_	words@knp1932m	@knp1932m	00:00:45.124	00:00:46.000
117	/	/	PUNCT	_	_	_	_	_	words@knp1932m	@knp1932m	00:00:46.000	00:00:46.160
118	и	и	CCONJ	_	_	_	_	_	words@knp1932m	@knp1932m	00:00:46.160	00:00:46.216
119	у	у	ADP	_	_	_	_	_	words@knp1932m	@knp1932m	00:00:46.216	00:00:46.278
120	всех	все	PRON	_	Animacy=Anim|Case=Gen|Number=Plur	_	_	_	words@knp1932m	@knp1932m	00:00:46.278	00:00:46.526
121	было	быть	AUX	_	Aspect=Imp|Gender=Neut|Mood=Ind|Number=Sing|Tense=Past|VerbForm=Fin|Voice=Act	_	_	_	words@knp1932m	@knp1932m	00:00:46.526	00:00:46.721
122	ощущение	ощущение	NOUN	_	Animacy=Inan|Case=Nom|Gender=Neut|Number=Sing	_	_	_	words@knp1932m	@knp1932m	00:00:46.721	00:00:47.513
123	что	что	SCONJ	_	_	_	_	_	words@knp1932m	@knp1932m	00:00:47.513	00:00:47.804
124	/	/	PUNCT	_	_	_	_	_	words@knp1932m	@knp1932m	00:00:47.804	00:00:48.078
125	на	на	ADP	_	_	_	_	_	words@knp1932m	@knp1932m	00:00:48.078	00:00:48.182
126	этой	этот	DET	_	Case=Loc|Gender=Fem|Number=Sing	_	_	_	words@knp1932m	@knp1932m	00:00:48.182	00:00:48.465
127	станции	станция	NOUN	_	Animacy=Inan|Case=Loc|Gender=Fem|Number=Sing	_	_	_	words@knp1932m	@knp1932m	00:00:48.465	00:00:48.965
128	ничего	ничто	PRON	_	Animacy=Inan|Case=Gen|Gender=Neut|Number=Sing	_	_	_	words@knp1932m	@knp1932m	00:00:48.965	00:00:49.582
129	не	не	PART	_	Polarity=Neg	_	_	_	words@knp1932m	@knp1932m	00:00:49.582	00:00:49.695
130	может	мочь	VERB	_	Aspect=Imp|Mood=Ind|Number=Sing|Person=3|Tense=Pres|VerbForm=Fin|Voice=Act	_	_	_	words@knp1932m	@knp1932m	00:00:49.695	00:00:50.121
131	произойти	произойти	VERB	_	Aspect=Perf|VerbForm=Inf|Voice=Act	_	_	_	words@knp1932m	@knp1932m	00:00:50.121	00:00:50.713
132	/	/	PUNCT	_	_	_	_	_	words@knp1932m	@knp1932m	00:00:50.713	00:00:50.778
133	то	то	PRON	_	Animacy=Inan|Case=Nom|Gender=Neut|Number=Sing	_	_	_	words@knp1932m	@knp1932m	00:00:50.778	00:00:50.847
134	есть	быть	VERB	_	Aspect=Imp|Mood=Ind|Number=Sing|Person=3|Tense=Pres|VerbForm=Fin|Voice=Act	_	_	_	words@knp1932m	@knp1932m	00:00:50.847	00:00:50.978
135	она	она	PRON	_	Case=Nom|Gender=Fem|Number=Sing|Person=3	_	_	_	words@knp1932m	@knp1932m	00:00:50.978	00:00:51.230
136	самая	самый	DET	_	Case=Nom|Gender=Fem|Number=Sing	_	_	_	words@knp1932m	@knp1932m	00:00:51.230	00:00:51.810
137	безопасная	безопасный	ADJ	_	Case=Nom|Degree=Pos|Gender=Fem|Number=Sing	_	_	_	words@knp1932m	@knp1932m	00:00:51.810	00:00:52.624
138	//	//	PUNCT	_	_	_	_	_	words@knp1932m	@knp1932m	00:00:52.624	00:00:52.670
139	академик	академик	NOUN	_	Animacy=Anim|Case=Nom|Gender=Masc|Number=Sing	_	_	_	words@knp1932m	@knp1932m	00:00:52.990	00:00:53.537
140	Александров	Александров	PROPN	_	Animacy=Anim|Case=Nom|Gender=Masc|Number=Sing	_	_	_	words@knp1932m	@knp1932m	00:00:53.537	00:00:54.221
141	/	/	PUNCT	_	_	_	_	_	words@knp1932m	@knp1932m	00:00:54.221	00:00:54.769
142	тоже	тоже	PART	_	_	_	_	_	words@knp1932m	@knp1932m	00:00:54.769	00:00:55.221
143	значит	значить	VERB	_	Aspect=Imp|Mood=Ind|Number=Sing|Person=3|Tense=Pres|VerbForm=Fin|Voice=Act	_	_	_	words@knp1932m	@knp1932m	00:00:55.221	00:00:55.721
144	в	в	ADP	_	_	_	_	_	words@knp1932m	@knp1932m	00:00:55.721	00:00:55.800
145	то	тот	DET	_	Case=Acc|Gender=Neut|Number=Sing	_	_	_	words@knp1932m	@knp1932m	00:00:55.800	00:00:55.913
146	время	время	NOUN	_	Animacy=Inan|Case=Acc|Gender=Neut|Number=Sing	_	_	_	words@knp1932m	@knp1932m	00:00:55.913	00:00:56.334
147	/	/	PUNCT	_	_	_	_	_	words@knp1932m	@knp1932m	00:00:56.334	00:00:57.217
148	он	он	PRON	_	Case=Nom|Gender=Masc|Number=Sing|Person=3	_	_	_	words@knp1932m	@knp1932m	00:00:57.217	00:00:57.373
149	эээ	эээ	PRON	_	_	_	_	_	words@knp1932m	@knp1932m	00:00:57.373	00:00:57.795
150	от	от	ADP	_	_	_	_	_	words@knp1932m	@knp1932m	00:00:57.795	00:00:58.104
151	сэ...	сэ...	NOUN	_	Abbr=Yes	_	_	_	words@knp1932m	@knp1932m	00:00:58.104	00:00:58.417
152	эээ	эээ	X	_	_	_	_	_	words@knp1932m	@knp1932m	00:00:58.417	00:00:58.600
153	гэ...	гэ...	X	_	Abbr=Yes	_	_	_	words@knp1932m	@knp1932m	00:00:58.600	00:00:59.050
154	кэ...	кэ...	X	_	Foreign=Yes	_	_	_	words@knp1932m	@knp1932m	00:00:59.050	00:00:59.483
155	/	/	PUNCT	_	_	_	_	_	words@knp1932m	@knp1932m	00:00:59.483	00:00:59.878
156	он	он	PRON	_	Case=Nom|Gender=Masc|Number=Sing|Person=3	_	_	_	words@knp1932m	@knp1932m	00:00:59.878	00:01:00.000
157	является	являться	VERB	_	Aspect=Imp|Mood=Ind|Number=Sing|Person=3|Tense=Pres|VerbForm=Fin|Voice=Mid	_	_	_	words@knp1932m	@knp1932m	00:01:00.000	00:01:00.440
158	научным	научный	ADJ	_	Case=Ins|Degree=Pos|Gender=Masc|Number=Sing	_	_	_	words@knp1932m	@knp1932m	00:01:00.440	00:01:00.913
159	руководителем	руководитель	NOUN	_	Animacy=Anim|Case=Ins|Gender=Masc|Number=Sing	_	_	_	words@knp1932m	@knp1932m	00:01:00.913	00:01:01.591
160	этой	этот	DET	_	Case=Gen|Gender=Fem|Number=Sing	_	_	_	words@knp1932m	@knp1932m	00:01:01.591	00:01:01.960
161	/	/	PUNCT	_	_	_	_	_	words@knp1932m	@knp1932m	00:01:01.960	00:01:02.394
162	разработки	разработка	NOUN	_	Animacy=Inan|Case=Gen|Gender=Fem|Number=Sing	_	_	_	words@knp1932m	@knp1932m	00:01:02.394	00:01:03.044
163	//	//	PUNCT	_	_	_	_	_	words@knp1932m	@knp1932m	00:01:03.044	00:01:03.070
164	он	он	PRON	_	Case=Nom|Gender=Masc|Number=Sing|Person=3	_	_	_	words@knp1932m	@knp1932m	00:01:03.162	00:01:03.391
165	говорил	говорить	VERB	_	Aspect=Imp|Gender=Masc|Mood=Ind|Number=Sing|Tense=Past|VerbForm=Fin|Voice=Act	_	_	_	words@knp1932m	@knp1932m	00:01:03.391	00:01:03.791
166	что	что	SCONJ	_	_	_	_	_	words@knp1932m	@knp1932m	00:01:03.791	00:01:04.288
167	/	/	PUNCT	_	_	_	_	_	words@knp1932m	@knp1932m	00:01:04.288	00:01:04.493
168	настолько	настолько	ADV	_	Degree=Pos	_	_	_	words@knp1932m	@knp1932m	00:01:04.493	00:01:05.004
169	так	так	ADV	_	Degree=Pos	_	_	_	words@knp1932m	@knp1932m	00:01:05.004	00:01:05.191
170	сказать	сказать	VERB	_	Aspect=Perf|VerbForm=Inf|Voice=Act	_	_	_	words@knp1932m	@knp1932m	00:01:05.191	00:01:05.397
171	/	/	PUNCT	_	_	_	_	_	words@knp1932m	@knp1932m	00:01:05.397	00:01:06.006
172	хорошая	хороший	ADJ	_	Case=Nom|Degree=Pos|Gender=Fem|Number=Sing	_	_	_	words@knp1932m	@knp1932m	00:01:06.006	00:01:06.555
173	станция	станция	NOUN	_	Animacy=Inan|Case=Nom|Gender=Fem|Number=Sing	_	_	_	words@knp1932m	@knp1932m	00:01:06.555	00:01:06.971
174	настолько	настолько	ADV	_	Degree=Pos	_	_	_	words@knp1932m	@knp1932m	00:01:06.971	00:01:07.382
175	хорошей	хороший	ADJ	_	Case=Gen|Degree=Pos|Gender=Fem|Number=Sing	_	_	_	words@knp1932m	@knp1932m	00:01:07.382	00:01:07.866
176	конструкции	конструкция	NOUN	_	Animacy=Inan|Case=Gen|Gender=Fem|Number=Sing	_	_	_	words@knp1932m	@knp1932m	00:01:07.866	00:01:08.437
177	решение	решение	NOUN	_	Animacy=Inan|Case=Nom|Gender=Neut|Number=Sing	_	_	_	words@knp1932m	@knp1932m	00:01:08.437	00:01:08.851
178	что	что	SCONJ	_	_	_	_	_	words@knp1932m	@knp1932m	00:01:08.851	00:01:09.071
179	можно	можно	ADV	_	Degree=Pos	_	_	_	words@knp1932m	@knp1932m	00:01:09.071	00:01:09.425
180	/	/	PUNCT	_	_	_	_	_	words@knp1932m	@knp1932m	00:01:09.425	00:01:09.873
181	эту	этот	DET	_	Case=Acc|Gender=Fem|Number=Sing	_	_	_	words@knp1932m	@knp1932m	00:01:09.873	00:01:10.128
182	станцию	станция	NOUN	_	Animacy=Inan|Case=Acc|Gender=Fem|Number=Sing	_	_	_	words@knp1932m	@knp1932m	00:01:10.128	00:01:10.584
183	ставить	ставить	VERB	_	Aspect=Imp|VerbForm=Inf|Voice=Act	_	_	_	words@knp1932m	@knp1932m	00:01:10.584	00:01:10.884
184	/	/	PUNCT	_	_	_	_	_	words@knp1932m	@knp1932m	00:01:10.884	00:01:10.997
185	и	и	CCONJ	_	_	_	_	_	words@knp1932m	@knp1932m	00:01:10.997	00:01:11.075
186	за	за	ADP	_	_	_	_	_	words@knp1932m	@knp1932m	00:01:11.075	00:01:11.251
187	тридцать	тридцать	NUM	_	Case=Acc	_	_	_	words@knp1932m	@knp1932m	00:01:11.251	00:01:11.678
188	километров	километр	NOUN	_	Animacy=Inan|Case=Gen|Gender=Masc|Number=Plur	_	_	_	words@knp1932m	@knp1932m	00:01:11.678	00:01:12.364
189	от	от	ADP	_	_	_	_	_	words@knp1932m	@knp1932m	00:01:12.364	00:01:12.622
190	/	/	PUNCT	_	_	_	_	_	words@knp1932m	@knp1932m	00:01:12.622	00:01:12.808
191	крупнейшего	крупный	ADJ	_	Case=Gen|Degree=Sup|Gender=Masc|Number=Sing	_	_	_	words@knp1932m	@knp1932m	00:01:12.808	00:01:13.626
192	/	/	PUNCT	_	_	_	_	_	words@knp1932m	@knp1932m	00:01:13.626	00:01:14.108
193	эээ	эээ	DET	_	_	_	_	_	words@knp1932m	@knp1932m	00:01:14.108	00:01:14.399
194	центра	центр	NOUN	_	Animacy=Inan|Case=Gen|Gender=Masc|Number=Sing	_	_	_	words@knp1932m	@knp1932m	00:01:14.399	00:01:14.953
195	//	//	PUNCT	_	_	_	_	_	words@knp1932m	@knp1932m	00:01:14.953	00:01:15.095
196	эээ	эээ	NOUN	_	Abbr=Yes	_	_	_	words@knp1932m	@knp1932m	00:01:15.379	00:01:15.575
197	вот	вот	PART	_	_	_	_	_	words@knp1932m	@knp1932m	00:01:15.575	00:01:15.908
198	как	как	ADV	_	Degree=Pos	_	_	_	words@knp1932m	@knp1932m	00:01:15.908	00:01:16.097
199	Киев	Киев	PROPN	_	Animacy=Inan|Case=Nom|Gender=Masc|Number=Sing	_	_	_	words@knp1932m	@knp1932m	00:01:16.097	00:01:16.397
200	многомиллионный	многомиллионный	ADJ	_	Case=Nom|Degree=Pos|Gender=Masc|Number=Sing	_	_	_	words@knp1932m	@knp1932m	00:01:16.397	00:01:17.013
201	город	город	NOUN	_	Animacy=Inan|Case=Nom|Gender=Masc|Number=Sing	_	_	_	words@knp1932m	@knp1932m	00:01:17.013	00:01:17.246
202	/	/	PUNCT	_	_	_	_	_	words@knp1932m	@knp1932m	00:01:17.246	00:01:17.297
203	а	а	CCONJ	_	_	_	_	_	words@knp1932m	@knp1932m	00:01:17.297	00:01:17.393
204	можно	можно	ADV	_	Degree=Pos	_	_	_	words@knp1932m	@knp1932m	00:01:17.393	00:01:17.733
205	ставить	ставить	VERB	_	Aspect=Imp|VerbForm=Inf|Voice=Act	_	_	_	words@knp1932m	@knp1932m	00:01:17.733	00:01:18.055
206	рядом	рядом	ADV	_	Degree=Pos	_	_	_	words@knp1932m	@knp1932m	00:01:18.055	00:01:18.257
207	с	с	ADP	_	_	_	_	_	words@knp1932m	@knp1932m	00:01:18.257	00:01:18.408
208	Красной	красный	ADJ	_	Case=Ins|Degree=Pos|Gender=Fem|Number=Sing	_	_	_	words@knp1932m	@knp1932m	00:01:18.408	00:01:18.786
209	площадью	площадь	NOUN	_	Animacy=Inan|Case=Ins|Gender=Fem|Number=Sing	_	_	_	words@knp1932m	@knp1932m	00:01:18.786	00:01:19.215
210	и	и	CCONJ	_	_	_	_	_	words@knp1932m	@knp1932m	00:01:19.215	00:01:19.253
211	всё	все	PRON	_	Animacy=Inan|Case=Nom|Gender=Neut|Number=Sing	_	_	_	words@knp1932m	@knp1932m	00:01:19.253	00:01:19.455
212	будет	быть	AUX	_	Mood=Ind|Number=Sing|Person=3|Tense=Fut|VerbForm=Fin|Voice=Act	_	_	_	words@knp1932m	@knp1932m	00:01:19.455	00:01:19.655
213	прекрасно	прекрасный	ADJ	_	Degree=Pos|Gender=Neut|Number=Sing|Variant=Short	_	_	_	words@knp1932m	@knp1932m	00:01:19.655	00:01:20.177
214	//	//	PUNCT	_	_	_	_	_	words@knp1932m	@knp1932m	00:01:20.177	00:01:20.353
215	значит	значить	VERB	_	Aspect=Imp|Mood=Ind|Number=Sing|Person=3|Tense=Pres|VerbForm=Fin|Voice=Act	_	_	_	words@knp1932m	@knp1932m	00:01:21.917	00:01:22.317
216	вот	вот	PART	_	_	_	_	_	words@knp1932m	@knp1932m	00:01:22.317	00:01:22.513
217	видимо	видимо	ADV	_	Degree=Pos	_	_	_	words@knp1932m	@knp1932m	00:01:22.513	00:01:23.235
218	/	/	PUNCT	_	_	_	_	_	words@knp1932m	@knp1932m	00:01:23.235	00:01:23.462
219	видимо	видимо	ADV	_	Degree=Pos	_	_	_	words@knp1932m	@knp1932m	00:01:23.462	00:01:23.973
220	/	/	PUNCT	_	_	_	_	_	words@knp1932m	@knp1932m	00:01:23.973	00:01:24.277
221	вот	вот	PART	_	_	_	_	_	words@knp1932m	@knp1932m	00:01:24.277	00:01:24.486
222	эти	этот	DET	_	Case=Nom|Number=Plur	_	_	_	words@knp1932m	@knp1932m	00:01:24.486	00:01:24.748
223	ощущен...	ощущен...	NOUN	_	Animacy=Inan|Case=Nom|Gender=Masc|Number=Sing	_	_	_	words@knp1932m	@knp1932m	00:01:24.748	00:01:25.355
224	да	да	CCONJ	_	_	_	_	_	words@knp1932m	@knp1932m	00:01:25.355	00:01:25.753
225	и	и	CCONJ	_	_	_	_	_	words@knp1932m	@knp1932m	00:01:25.753	00:01:25.919
226	еще	еще	PART	_	_	_	_	_	words@knp1932m	@knp1932m	00:01:25.919	00:01:26.184
227	один	один	NUM	_	Animacy=Inan|Case=Acc|Gender=Masc	_	_	_	words@knp1932m	@knp1932m	00:01:26.184	00:01:26.442
228	момент	момент	NOUN	_	Animacy=Inan|Case=Nom|Gender=Masc|Number=Sing	_	_	_	words@knp1932m	@knp1932m	00:01:26.442	00:01:26.775
229	сразу	сразу	ADV	_	Degree=Pos	_	_	_	words@knp1932m	@knp1932m	00:01:26.775	00:01:27.093
230	хочу	хотеть	VERB	_	Aspect=Imp|Mood=Ind|Number=Sing|Person=1|Tense=Pres|VerbForm=Fin|Voice=Act	_	_	_	words@knp1932m	@knp1932m	00:01:27.093	00:01:27.377
231	обратить	обратить	VERB	_	Aspect=Perf|VerbForm=Inf|Voice=Act	_	_	_	words@knp1932m	@knp1932m	00:01:27.377	00:01:27.726
232	ваше	ваш	DET	_	Case=Acc|Gender=Neut|Number=Sing	_	_	_	words@knp1932m	@knp1932m	00:01:27.726	00:01:28.055
233	внимание	внимание	NOUN	_	Animacy=Inan|Case=Acc|Gender=Neut|Number=Sing	_	_	_	words@knp1932m	@knp1932m	00:01:28.055	00:01:28.484
234	//	//	PUNCT	_	_	_	_	_	words@knp1932m	@knp1932m	00:01:28.484	00:01:28.666
235	как	как	ADV	_	Degree=Pos	_	_	_	words@knp1932m	@knp1932m	00:01:29.404	00:01:29.639
236	ни	ни	PART	_	Polarity=Neg	_	_	_	words@knp1932m	@knp1932m	00:01:29.639	00:01:29.764
237	странно	странный	ADJ	_	Degree=Pos|Gender=Neut|Number=Sing|Variant=Short	_	_	_	words@knp1932m	@knp1932m	00:01:29.764	00:01:30.506
238	/	/	PUNCT	_	_	_	_	_	words@knp1932m	@knp1932m	00:01:30.506	00:01:31.622
239	не	не	PART	_	Polarity=Neg	_	_	_	words@knp1932m	@knp1932m	00:01:31.622	00:01:31.799
240	хватило	хватить	VERB	_	Aspect=Perf|Gender=Neut|Mood=Ind|Number=Sing|Tense=Past|VerbForm=Fin|Voice=Act	_	_	_	words@knp1932m	@knp1932m	00:01:31.799	00:01:32.457
241	кадров	кадр	NOUN	_	Animacy=Inan|Case=Gen|Gender=Masc|Number=Plur	_	_	_	words@knp1932m	@knp1932m	00:01:32.457	00:01:33.028
242	/	/	PUNCT	_	_	_	_	_	words@knp1932m	@knp1932m	00:01:33.028	00:01:33.575
243	атомщиков	атомщик	NOUN	_	Animacy=Anim|Case=Gen|Gender=Masc|Number=Plur	_	_	_	words@knp1932m	@knp1932m	00:01:33.575	00:01:34.348
244	/	/	PUNCT	_	_	_	_	_	words@knp1932m	@knp1932m	00:01:34.348	00:01:34.979
245	для	для	ADP	_	_	_	_	_	words@knp1932m	@knp1932m	00:01:34.979	00:01:35.164
246	того	то	PRON	_	Animacy=Inan|Case=Gen|Gender=Neut|Number=Sing	_	_	_	words@knp1932m	@knp1932m	00:01:35.164	00:01:35.486
247	чтобы	чтобы	SCONJ	_	_	_	_	_	words@knp1932m	@knp1932m	00:01:35.486	00:01:35.731
248	руководящий	руководить	VERB	_	Aspect=Imp|Case=Nom|Gender=Masc|Number=Sing|Tense=Pres|VerbForm=Part|Voice=Act	_	_	_	words@knp1932m	@knp1932m	00:01:35.731	00:01:36.739
249	состав	состав	NOUN	_	Animacy=Inan|Case=Acc|Gender=Masc|Number=Sing	_	_	_	words@knp1932m	@knp1932m	00:01:36.739	00:01:37.257
250	я	я	PRON	_	Case=Nom|Number=Sing|Person=1	_	_	_	words@knp1932m	@knp1932m	00:01:37.257	00:01:37.402
251	имею	иметь	VERB	_	Aspect=Imp|Mood=Ind|Number=Sing|Person=1|Tense=Pres|VerbForm=Fin|Voice=Act	_	_	_	words@knp1932m	@knp1932m	00:01:37.402	00:01:37.702
252	в	в	ADP	_	_	_	_	_	words@knp1932m	@knp1932m	00:01:37.702	00:01:37.722
253	виду	вид	NOUN	_	Animacy=Inan|Case=Loc|Gender=Masc|Number=Sing	_	_	_	words@knp1932m	@knp1932m	00:01:37.722	00:01:38.031
254	главное	главный	ADJ	_	Case=Acc|Degree=Pos|Gender=Neut|Number=Sing	_	_	_	words@knp1932m	@knp1932m	00:01:38.031	00:01:38.417
255	руководство	руководство	NOUN	_	Animacy=Inan|Case=Acc|Gender=Neut|Number=Sing	_	_	_	words@knp1932m	@knp1932m	00:01:38.417	00:01:39.013
256	это	это	PRON	_	Animacy=Inan|Case=Acc|Gender=Neut|Number=Sing	_	_	_	words@knp1932m	@knp1932m	00:01:39.013	00:01:39.304
257	/	/	PUNCT	_	_	_	_	_	words@knp1932m	@knp1932m	00:01:39.304	00:01:39.575
258	директор	директор	NOUN	_	Animacy=Anim|Case=Nom|Gender=Masc|Number=Sing	_	_	_	words@knp1932m	@knp1932m	00:01:39.575	00:01:40.075
259	станции	станция	NOUN	_	Animacy=Inan|Case=Gen|Gender=Fem|Number=Sing	_	_	_	words@knp1932m	@knp1932m	00:01:40.075	00:01:40.555
260	главный	главный	ADJ	_	Case=Nom|Degree=Pos|Gender=Masc|Number=Sing	_	_	_	words@knp1932m	@knp1932m	00:01:40.555	00:01:40.926
261	инженер	инженер	NOUN	_	Animacy=Anim|Case=Nom|Gender=Masc|Number=Sing	_	_	_	words@knp1932m	@knp1932m	00:01:40.926	00:01:41.304
262	станции	станция	NOUN	_	Animacy=Inan|Case=Gen|Gender=Fem|Number=Sing	_	_	_	words@knp1932m	@knp1932m	00:01:41.304	00:01:41.773
263	/	/	PUNCT	_	_	_	_	_	words@knp1932m	@knp1932m	00:01:41.773	00:01:42.082
264	чтоб	чтоб	SCONJ	_	_	_	_	_	words@knp1932m	@knp1932m	00:01:42.082	00:01:42.335
265	они	они	PRON	_	Case=Nom|Number=Plur|Person=3	_	_	_	words@knp1932m	@knp1932m	00:01:42.335	00:01:42.542
266	были	быть	AUX	_	Aspect=Imp|Mood=Ind|Number=Plur|Tense=Past|VerbForm=Fin|Voice=Act	_	_	_	words@knp1932m	@knp1932m	00:01:42.542	00:01:42.804
267	ядерщиками	ядерщик	NOUN	_	Animacy=Anim|Case=Ins|Gender=Masc|Number=Plur	_	_	_	words@knp1932m	@knp1932m	00:01:42.804	00:01:43.566
268	//	//	PUNCT	_	_	_	_	_	words@knp1932m	@knp1932m	00:01:43.566	00:01:43.742
269	почему	почему	ADV	_	Degree=Pos	_	_	_	words@knp1932m	@knp1932m	00:01:44.028	00:01:44.451
270	так	так	ADV	_	Degree=Pos	_	_	_	words@knp1932m	@knp1932m	00:01:44.451	00:01:44.639
271	/	/	PUNCT	_	_	_	_	_	words@knp1932m	@knp1932m	00:01:44.639	00:01:44.682
272	получилось?	получиться	VERB	_	Abbr=Yes	_	_	_	words@knp1932m	@knp1932m	00:01:44.682	00:01:45.313
273	//	//	PUNCT	_	_	_	_	_	words@knp1932m	@knp1932m	00:01:45.313	00:01:45.339
274	мы	мы	PRON	_	Case=Nom|Number=Plur|Person=1	_	_	_	words@knp1932m	@knp1932m	00:01:45.966	00:01:46.071
275	можем	мочь	VERB	_	Aspect=Imp|Mood=Ind|Number=Plur|Person=1|Tense=Pres|VerbForm=Fin|Voice=Act	_	_	_	words@knp1932m	@knp1932m	00:01:46.071	00:01:46.388
276	щас	щас	ADV	_	Degree=Pos	_	_	_	words@knp1932m	@knp1932m	00:01:46.388	00:01:46.648
277	просто	просто	PART	_	_	_	_	_	words@knp1932m	@knp1932m	00:01:46.648	00:01:47.037
278	так	так	ADV	_	Degree=Pos	_	_	_	words@knp1932m	@knp1932m	00:01:47.037	00:01:47.173
279	сказать	сказать	VERB	_	Aspect=Perf|VerbForm=Inf|Voice=Act	_	_	_	words@knp1932m	@knp1932m	00:01:47.173	00:01:47.453
280	эээ	эээ	PRON	_	Animacy=Inan|Case=Acc|Gender=Masc|Number=Sing	_	_	_	words@knp1932m	@knp1932m	00:01:47.453	00:01:47.646
281	ставить	ставить	VERB	_	Aspect=Imp|VerbForm=Inf|Voice=Act	_	_	_	words@knp1932m	@knp1932m	00:01:47.646	00:01:48.028
282	разные	разный	ADJ	_	Animacy=Inan|Case=Acc|Degree=Pos|Number=Plur	_	_	_	words@knp1932m	@knp1932m	00:01:48.028	00:01:48.404
283	версии	версия	NOUN	_	Animacy=Inan|Case=Acc|Gender=Fem|Number=Plur	_	_	_	words@knp1932m	@knp1932m	00:01:48.404	00:01:48.853
284	/	/	PUNCT	_	_	_	_	_	words@knp1932m	@knp1932m	00:01:48.853	00:01:48.897
285	а	а	CCONJ	_	_	_	_	_	words@knp1932m	@knp1932m	00:01:48.897	00:01:49.044
286	почему	почему	ADV	_	Degree=Pos	_	_	_	words@knp1932m	@knp1932m	00:01:49.044	00:01:49.473
287	//	//	PUNCT	_	_	_	_	_	words@knp1932m	@knp1932m	00:01:49.473	00:01:49.508
288	значит	значит	ADV	_	Degree=Pos	_	_	_	words@knp1932m	@knp1932m	00:01:50.148	00:01:50.499
289	тем	то	PRON	_	Animacy=Inan|Case=Ins|Gender=Neut|Number=Sing	_	_	_	words@knp1932m	@knp1932m	00:01:50.499	00:01:50.704
290	не	не	PART	_	Polarity=Neg	_	_	_	words@knp1932m	@knp1932m	00:01:50.704	00:01:50.786
291	менее	менее	ADV	_	Degree=Cmp	_	_	_	words@knp1932m	@knp1932m	00:01:50.786	00:01:51.055
292	оказывается	оказываться	VERB	_	Aspect=Imp|Mood=Ind|Number=Sing|Person=3|Tense=Pres|VerbForm=Fin|Voice=Mid	_	_	_	words@knp1932m	@knp1932m	00:01:51.055	00:01:51.704
293	вот	вот	PART	_	_	_	_	_	words@knp1932m	@knp1932m	00:01:51.704	00:01:51.868
294	те	тот	DET	_	Animacy=Inan|Case=Acc|Number=Plur	_	_	_	words@knp1932m	@knp1932m	00:01:51.868	00:01:52.026
295	фигуры	фигура	NOUN	_	Animacy=Inan|Case=Acc|Gender=Fem|Number=Plur	_	_	_	words@knp1932m	@knp1932m	00:01:52.026	00:01:52.373
296	о	о	ADP	_	_	_	_	_	words@knp1932m	@knp1932m	00:01:52.373	00:01:52.491
297	которых	который	PRON	_	Case=Loc|Number=Plur	_	_	_	words@knp1932m	@knp1932m	00:01:52.491	00:01:52.866
298	я	я	PRON	_	Case=Nom|Number=Sing|Person=1	_	_	_	words@knp1932m	@knp1932m	00:01:52.866	00:01:52.973
299	сказал	сказать	VERB	_	Aspect=Perf|Gender=Masc|Mood=Ind|Number=Sing|Tense=Past|VerbForm=Fin|Voice=Act	_	_	_	words@knp1932m	@knp1932m	00:01:52.973	00:01:53.388
300	они	они	PRON	_	Case=Nom|Number=Plur|Person=3	_	_	_	words@knp1932m	@knp1932m	00:01:53.388	00:01:53.626
301	не	не	PART	_	Polarity=Neg	_	_	_	words@knp1932m	@knp1932m	00:01:53.626	00:01:53.731
302	имели	иметь	VERB	_	Aspect=Imp|Mood=Ind|Number=Plur|Tense=Past|VerbForm=Fin|Voice=Act	_	_	_	words@knp1932m	@knp1932m	00:01:53.731	00:01:54.088
303	/	/	PUNCT	_	_	_	_	_	words@knp1932m	@knp1932m	00:01:54.088	00:01:54.139
304	так	так	ADV	_	Degree=Pos	_	_	_	words@knp1932m	@knp1932m	00:01:54.139	00:01:54.253
305	сказать	сказать	VERB	_	Aspect=Perf|VerbForm=Inf|Voice=Act	_	_	_	words@knp1932m	@knp1932m	00:01:54.253	00:01:54.491
306	образования	образование	NOUN	_	Animacy=Inan|Case=Gen|Gender=Neut|Number=Sing	_	_	_	words@knp1932m	@knp1932m	00:01:54.491	00:01:55.142
307	/	/	PUNCT	_	_	_	_	_	words@knp1932m	@knp1932m	00:01:55.142	00:01:55.159
308	они	они	PRON	_	Case=Nom|Number=Plur|Person=3	_	_	_	words@knp1932m	@knp1932m	00:01:55.159	00:01:55.324
309	не	не	PART	_	Polarity=Neg	_	_	_	words@knp1932m	@knp1932m	00:01:55.324	00:01:55.464
310	были	быть	AUX	_	Aspect=Imp|Mood=Ind|Number=Plur|Tense=Past|VerbForm=Fin|Voice=Act	_	_	_	words@knp1932m	@knp1932m	00:01:55.464	00:01:55.677
311	ядерщ...	ядерщ...	ADJ	_	Abbr=Yes	_	_	_	words@knp1932m	@knp1932m	00:01:55.677	00:01:56.215
312	ядерщиками	ядерщик	NOUN	_	Animacy=Anim|Case=Ins|Gender=Masc|Number=Plur	_	_	_	words@knp1932m	@knp1932m	00:01:56.215	00:01:56.982
313	//	//	PUNCT	_	_	_	_	_	words@knp1932m	@knp1932m	00:01:56.982	00:01:57.044
314	ммм	ммм	INTJ	_	_	_	_	_	words@knp1932m	@knp1932m	00:01:57.924	00:01:58.131
315	эээ	эээ	PRON	_	Abbr=Yes	_	_	_	words@knp1932m	@knp1932m	00:01:58.131	00:01:58.368
316	таким	такой	DET	_	Case=Ins|Gender=Masc|Number=Sing	_	_	_	words@knp1932m	@knp1932m	00:01:58.368	00:01:58.643
317	образом	образ	NOUN	_	Animacy=Inan|Case=Ins|Gender=Masc|Number=Sing	_	_	_	words@knp1932m	@knp1932m	00:01:58.643	00:01:58.915
318	/	/	PUNCT	_	_	_	_	_	words@knp1932m	@knp1932m	00:01:58.915	00:01:58.948
319	многие	многий	DET	_	Animacy=Inan|Case=Acc|Number=Plur	_	_	_	words@knp1932m	@knp1932m	00:01:58.948	00:01:59.266
320	вещи	вещь	NOUN	_	Animacy=Inan|Case=Acc|Gender=Fem|Number=Plur	_	_	_	words@knp1932m	@knp1932m	00:01:59.266	00:01:59.528
321	они	они	PRON	_	Case=Nom|Number=Plur|Person=3	_	_	_	words@knp1932m	@knp1932m	00:01:59.528	00:01:59.737
322	просто	просто	PART	_	_	_	_	_	words@knp1932m	@knp1932m	00:01:59.737	00:02:00.091
323	так	так	ADV	_	Degree=Pos	_	_	_	words@knp1932m	@knp1932m	00:02:00.091	00:02:00.231
324	сказать	сказать	VERB	_	Aspect=Perf|VerbForm=Inf|Voice=Act	_	_	_	words@knp1932m	@knp1932m	00:02:00.231	00:02:00.402
325	не	не	PART	_	Polarity=Neg	_	_	_	words@knp1932m	@knp1932m	00:02:00.402	00:02:00.564
326	понимали	понимать	VERB	_	Aspect=Imp|Mood=Ind|Number=Plur|Tense=Past|VerbForm=Fin|Voice=Act	_	_	_	words@knp1932m	@knp1932m	00:02:00.564	00:02:01.046
327	иии	иии	CCONJ	_	_	_	_	_	words@knp1932m	@knp1932m	00:02:01.046	00:02:01.595
328	не	не	PART	_	Polarity=Neg	_	_	_	words@knp1932m	@knp1932m	00:02:01.595	00:02:01.751
329	интересовали	интересовать	VERB	_	Aspect=Imp|Mood=Ind|Number=Plur|Tense=Past|VerbForm=Fin|Voice=Act	_	_	_	words@knp1932m	@knp1932m	00:02:01.751	00:02:02.359
330	эти	этот	DET	_	Animacy=Inan|Case=Acc|Number=Plur	_	_	_	words@knp1932m	@knp1932m	00:02:02.359	00:02:02.624
331	вещи	вещь	NOUN	_	Animacy=Inan|Case=Acc|Gender=Fem|Number=Plur	_	_	_	words@knp1932m	@knp1932m	00:02:02.624	00:02:02.968
332	//	//	PUNCT	_	_	_	_	_	words@knp1932m	@knp1932m	00:02:02.968	00:02:03.006
333	далее	далее	ADV	_	Degree=Pos	_	_	_	words@knp1932m	@knp1932m	00:02:04.564	00:02:05.035
334	значит	значить	ADV	_	Degree=Pos	_	_	_	words@knp1932m	@knp1932m	00:02:05.035	00:02:05.424
335	/	/	PUNCT	_	_	_	_	_	words@knp1932m	@knp1932m	00:02:05.424	00:02:05.477
336	в	в	ADP	_	_	_	_	_	words@knp1932m	@knp1932m	00:02:05.477	00:02:05.506
337	этой	этот	DET	_	Case=Loc|Gender=Fem|Number=Sing	_	_	_	words@knp1932m	@knp1932m	00:02:05.506	00:02:05.751
338	ситуации	ситуация	NOUN	_	Animacy=Inan|Case=Loc|Gender=Fem|Number=Sing	_	_	_	words@knp1932m	@knp1932m	00:02:05.751	00:02:06.571
339	/	/	PUNCT	_	_	_	_	_	words@knp1932m	@knp1932m	00:02:06.571	00:02:07.211
340	началась	начаться	VERB	_	Aspect=Perf|Gender=Fem|Mood=Ind|Number=Sing|Tense=Past|VerbForm=Fin|Voice=Mid	_	_	_	words@knp1932m	@knp1932m	00:02:07.211	00:02:07.664
341	перестройка	перестройка	NOUN	_	Animacy=Inan|Case=Nom|Gender=Fem|Number=Sing	_	_	_	words@knp1932m	@knp1932m	00:02:07.664	00:02:08.431
342	//	//	PUNCT	_	_	_	_	_	words@knp1932m	@knp1932m	00:02:08.431	00:02:08.484
343	идет	идти	VERB	_	Aspect=Imp|Mood=Ind|Number=Sing|Person=3|Tense=Pres|VerbForm=Fin|Voice=Act	_	_	_	words@knp1932m	@knp1932m	00:02:09.099	00:02:09.435
344	перестройка	перестройка	NOUN	_	Animacy=Inan|Case=Nom|Gender=Fem|Number=Sing	_	_	_	words@knp1932m	@knp1932m	00:02:09.435	00:02:10.206
345	/	/	PUNCT	_	_	_	_	_	words@knp1932m	@knp1932m	00:02:10.206	00:02:10.868
346	народ	народ	NOUN	_	Animacy=Inan|Case=Acc|Gender=Masc|Number=Sing	_	_	_	words@knp1932m	@knp1932m	00:02:10.868	00:02:11.226
347	так	так	ADV	_	Degree=Pos	_	_	_	words@knp1932m	@knp1932m	00:02:11.226	00:02:11.324
348	сказать	сказать	VERB	_	Aspect=Perf|VerbForm=Inf|Voice=Act	_	_	_	words@knp1932m	@knp1932m	00:02:11.324	00:02:11.559
349	ждет	ждать	VERB	_	Aspect=Imp|Mood=Ind|Number=Sing|Person=3|Tense=Pres|VerbForm=Fin|Voice=Act	_	_	_	words@knp1932m	@knp1932m	00:02:11.559	00:02:11.837
350	/	/	PUNCT	_	_	_	_	_	words@knp1932m	@knp1932m	00:02:11.837	00:02:11.955
351	перемен	перемена	NOUN	_	Animacy=Inan|Case=Gen|Gender=Fem|Number=Plur	_	_	_	words@knp1932m	@knp1932m	00:02:11.955	00:02:12.442
352	так	так	ADV	_	Degree=Pos	_	_	_	words@knp1932m	@knp1932m	00:02:12.442	00:02:12.575
353	сказать	сказать	VERB	_	Aspect=Perf|VerbForm=Inf|Voice=Act	_	_	_	words@knp1932m	@knp1932m	00:02:12.575	00:02:12.793
354	всё	все	PRON	_	Animacy=Inan|Case=Acc|Gender=Neut|Number=Sing	_	_	_	words@knp1932m	@knp1932m	00:02:12.793	00:02:12.988
355	должно	должен	ADJ	_	Degree=Pos|Gender=Neut|Number=Sing|Variant=Short	_	_	_	words@knp1932m	@knp1932m	00:02:12.988	00:02:13.328
356	измениться	измениться	VERB	_	Aspect=Perf|VerbForm=Inf|Voice=Mid	_	_	_	words@knp1932m	@knp1932m	00:02:13.328	00:02:14.017
357	//	//	PUNCT	_	_	_	_	_	words@knp1932m	@knp1932m	00:02:14.017	00:02:14.068
358	и	и	CCONJ	_	_	_	_	_	words@knp1932m	@knp1932m	00:02:15.313	00:02:15.428
359	вот	вот	PART	_	_	_	_	_	words@knp1932m	@knp1932m	00:02:15.428	00:02:15.595
360	эта	этот	DET	_	Case=Nom|Gender=Fem|Number=Sing	_	_	_	words@knp1932m	@knp1932m	00:02:15.595	00:02:15.822
361	та	тот	DET	_	Case=Nom|Gender=Fem|Number=Sing	_	_	_	words@knp1932m	@knp1932m	00:02:15.822	00:02:16.062
362	ааа	ааа	X	_	_	_	_	_	words@knp1932m	@knp1932m	00:02:16.062	00:02:16.177
363	авария	авария	NOUN	_	Animacy=Inan|Case=Nom|Gender=Fem|Number=Sing	_	_	_	words@knp1932m	@knp1932m	00:02:16.177	00:02:16.548
364	которая	который	PRON	_	Case=Nom|Gender=Fem|Number=Sing	_	_	_	words@knp1932m	@knp1932m	00:02:16.548	00:02:16.866
365	на	на	ADP	_	_	_	_	_	words@knp1932m	@knp1932m	00:02:16.866	00:02:17.002
366	Чернобыльской	чернобыльский	ADJ	_	Case=Loc|Degree=Pos|Gender=Fem|Number=Sing	_	_	_	words@knp1932m	@knp1932m	00:02:17.002	00:02:17.553
367	станции	станция	NOUN	_	Animacy=Inan|Case=Loc|Gender=Fem|Number=Sing	_	_	_	words@knp1932m	@knp1932m	00:02:17.553	00:02:18.059
368	произошла	произойти	VERB	_	Aspect=Perf|Gender=Fem|Mood=Ind|Number=Sing|Tense=Past|VerbForm=Fin|Voice=Act	_	_	_	words@knp1932m	@knp1932m	00:02:18.059	00:02:18.702
369	/	/	PUNCT	_	_	_	_	_	words@knp1932m	@knp1932m	00:02:18.702	00:02:19.442
370	она	она	PRON	_	Case=Nom|Gender=Fem|Number=Sing|Person=3	_	_	_	words@knp1932m	@knp1932m	00:02:19.442	00:02:19.782
371	буквально	буквально	ADV	_	Degree=Pos	_	_	_	words@knp1932m	@knp1932m	00:02:19.782	00:02:20.355
372	так	так	ADV	_	Degree=Pos	_	_	_	words@knp1932m	@knp1932m	00:02:20.355	00:02:20.511
373	сказать	сказать	VERB	_	Aspect=Perf|VerbForm=Inf|Voice=Act	_	_	_	words@knp1932m	@knp1932m	00:02:20.511	00:02:20.866
374	была	быть	AUX	_	Aspect=Imp|Gender=Fem|Mood=Ind|Number=Sing|Tense=Past|VerbForm=Fin|Voice=Act	_	_	_	words@knp1932m	@knp1932m	00:02:20.866	00:02:21.182
375	/	/	PUNCT	_	_	_	_	_	words@knp1932m	@knp1932m	00:02:21.182	00:02:22.211
376	не	не	PART	_	Polarity=Neg	_	_	_	words@knp1932m	@knp1932m	00:02:22.211	00:02:22.382
377	ложкой	ложка	NOUN	_	Animacy=Inan|Case=Ins|Gender=Fem|Number=Sing	_	_	_	words@knp1932m	@knp1932m	00:02:22.382	00:02:22.873
378	дегтя	деготь	NOUN	_	Animacy=Inan|Case=Gen|Gender=Masc|Number=Sing	_	_	_	words@knp1932m	@knp1932m	00:02:22.873	00:02:23.399
379	/	/	PUNCT	_	_	_	_	_	words@knp1932m	@knp1932m	00:02:23.399	00:02:24.202
380	в	в	ADP	_	_	_	_	_	words@knp1932m	@knp1932m	00:02:24.202	00:02:24.288
381	бочке	бочка	NOUN	_	Animacy=Inan|Case=Loc|Gender=Fem|Number=Sing	_	_	_	words@knp1932m	@knp1932m	00:02:24.288	00:02:24.684
382	/	/	PUNCT	_	_	_	_	_	words@knp1932m	@knp1932m	00:02:24.684	00:02:24.857
383	меда	меда	NOUN	_	Animacy=Inan|Case=Nom|Gender=Fem|Number=Sing	_	_	_	words@knp1932m	@knp1932m	00:02:24.857	00:02:25.338
384	ааа	ааа	X	_	Foreign=Yes	_	_	_	words@knp1932m	@knp1932m	00:02:25.338	00:02:25.715
385	/	/	PUNCT	_	_	_	_	_	words@knp1932m	@knp1932m	00:02:25.715	00:02:26.655
386	вы	вы	PRON	_	Case=Nom|Number=Plur|Person=2	_	_	_	words@knp1932m	@knp1932m	00:02:26.655	00:02:26.757
387	сами	сам	DET	_	Case=Nom|Number=Plur	_	_	_	words@knp1932m	@knp1932m	00:02:26.757	00:02:27.099
388	представляете	представлять	VERB	_	Aspect=Imp|Mood=Ind|Number=Plur|Person=2|Tense=Pres|VerbForm=Fin|Voice=Act	_	_	_	words@knp1932m	@knp1932m	00:02:27.099	00:02:27.595
389	что	что	PRON	_	Animacy=Inan|Case=Nom|Gender=Neut|Number=Sing	_	_	_	words@knp1932m	@knp1932m	00:02:27.595	00:02:27.771
390	это	это	PRON	_	Animacy=Inan|Case=Nom|Gender=Neut|Number=Sing	_	_	_	words@knp1932m	@knp1932m	00:02:27.771	00:02:27.897
391	такое	такой	DET	_	Case=Nom|Gender=Neut|Number=Sing	_	_	_	words@knp1932m	@knp1932m	00:02:27.897	00:02:28.257
392	//	//	PUNCT	_	_	_	_	_	words@knp1932m	@knp1932m	00:02:28.257	00:02:28.288
393	то	то	PRON	_	Animacy=Inan|Case=Nom|Gender=Neut|Number=Sing	_	_	_	words@knp1932m	@knp1932m	00:02:28.871	00:02:28.955
394	есть	быть	VERB	_	Aspect=Imp|Mood=Ind|Number=Sing|Person=3|Tense=Pres|VerbForm=Fin|Voice=Act	_	_	_	words@knp1932m	@knp1932m	00:02:28.955	00:02:29.088
395	российская	российский	ADJ	_	Case=Nom|Degree=Pos|Gender=Fem|Number=Sing	_	_	_	words@knp1932m	@knp1932m	00:02:29.088	00:02:29.795
396	советская	советский	ADJ	_	Case=Nom|Degree=Pos|Gender=Fem|Number=Sing	_	_	_	words@knp1932m	@knp1932m	00:02:29.795	00:02:30.342
397	наука	наука	NOUN	_	Animacy=Inan|Case=Nom|Gender=Fem|Number=Sing	_	_	_	words@knp1932m	@knp1932m	00:02:30.342	00:02:30.742
398	была	быть	AUX	_	Aspect=Imp|Gender=Fem|Mood=Ind|Number=Sing|Tense=Past|VerbForm=Fin|Voice=Act	_	_	_	words@knp1932m	@knp1932m	00:02:30.742	00:02:30.984
399	скомпрометирована	компрометировать	VERB	_	Aspect=Perf|Gender=Fem|Number=Sing|Tense=Past|Variant=Short|VerbForm=Part|Voice=Pass	_	_	_	words@knp1932m	@knp1932m	00:02:30.984	00:02:32.102
400	до	до	ADP	_	_	_	_	_	words@knp1932m	@knp1932m	00:02:32.102	00:02:32.291
401	/	/	PUNCT	_	_	_	_	_	words@knp1932m	@knp1932m	00:02:32.291	00:02:32.662
402	самой	самый	DET	_	Case=Gen|Gender=Fem|Number=Sing	_	_	_	words@knp1932m	@knp1932m	00:02:32.662	00:02:33.095
403	последней	последний	ADJ	_	Case=Gen|Degree=Pos|Gender=Fem|Number=Sing	_	_	_	words@knp1932m	@knp1932m	00:02:33.095	00:02:33.639
404	так	так	ADV	_	Degree=Pos	_	_	_	words@knp1932m	@knp1932m	00:02:33.639	00:02:33.757
405	сказать	сказать	VERB	_	Aspect=Perf|VerbForm=Inf|Voice=Act	_	_	_	words@knp1932m	@knp1932m	00:02:33.757	00:02:33.993
406	степени	степень	NOUN	_	Animacy=Inan|Case=Acc|Gender=Fem|Number=Plur	_	_	_	words@knp1932m	@knp1932m	00:02:33.993	00:02:34.486
407	унижена	унижить	VERB	_	Aspect=Perf|Gender=Fem|Number=Sing|Tense=Past|Variant=Short|VerbForm=Part|Voice=Pass	_	_	_	words@knp1932m	@knp1932m	00:02:34.486	00:02:35.213
408	//	//	PUNCT	_	_	_	_	_	words@knp1932m	@knp1932m	00:02:35.213	00:02:35.255
409	унижена	унизить	VERB	_	Aspect=Perf|Gender=Fem|Number=Sing|Tense=Past|Variant=Short|VerbForm=Part|Voice=Pass	_	_	_	words@knp1932m	@knp1932m	00:02:35.993	00:02:36.428
410	японцы	японец	NOUN	_	Animacy=Anim|Case=Nom|Gender=Masc|Number=Plur	_	_	_	words@knp1932m	@knp1932m	00:02:36.428	00:02:36.995
411	говорили	говорить	VERB	_	Aspect=Imp|Mood=Ind|Number=Plur|Tense=Past|VerbForm=Fin|Voice=Act	_	_	_	words@knp1932m	@knp1932m	00:02:36.995	00:02:37.506
412	/	/	PUNCT	_	_	_	_	_	words@knp1932m	@knp1932m	00:02:37.506	00:02:37.884
413	не	не	PART	_	Polarity=Neg	_	_	_	words@knp1932m	@knp1932m	00:02:37.884	00:02:38.006
414	зная	знать	VERB	_	Aspect=Imp|Tense=Pres|VerbForm=Conv|Voice=Act	_	_	_	words@knp1932m	@knp1932m	00:02:38.006	00:02:38.266
415	о	о	ADP	_	_	_	_	_	words@knp1932m	@knp1932m	00:02:38.266	00:02:38.371
416	том	то	PRON	_	Animacy=Inan|Case=Loc|Gender=Neut|Number=Sing	_	_	_	words@knp1932m	@knp1932m	00:02:38.371	00:02:38.539
417	что	что	SCONJ	_	_	_	_	_	words@knp1932m	@knp1932m	00:02:38.539	00:02:38.675
418	у	у	ADP	_	_	_	_	_	words@knp1932m	@knp1932m	00:02:38.675	00:02:38.799
419	них	они	PRON	_	Case=Gen|Number=Plur|Person=3	_	_	_	words@knp1932m	@knp1932m	00:02:38.799	00:02:38.957
420	будет	быть	AUX	_	Mood=Ind|Number=Sing|Person=3|Tense=Fut|VerbForm=Fin|Voice=Act	_	_	_	words@knp1932m	@knp1932m	00:02:38.957	00:02:39.177
421	Фукусима	Фукусима	PROPN	_	Animacy=Inan|Case=Nom|Gender=Fem|Number=Sing	_	_	_	words@knp1932m	@knp1932m	00:02:39.177	00:02:39.851
422	/	/	PUNCT	_	_	_	_	_	words@knp1932m	@knp1932m	00:02:39.851	00:02:40.335
423	что	что	SCONJ	_	_	_	_	_	words@knp1932m	@knp1932m	00:02:40.335	00:02:40.688
424	/	/	PUNCT	_	_	_	_	_	words@knp1932m	@knp1932m	00:02:40.688	00:02:40.808
425	это	это	PRON	_	Animacy=Inan|Case=Nom|Gender=Neut|Number=Sing	_	_	_	words@knp1932m	@knp1932m	00:02:40.808	00:02:41.046
426	напоминает	напоминать	VERB	_	Aspect=Imp|Mood=Ind|Number=Sing|Person=3|Tense=Pres|VerbForm=Fin|Voice=Act	_	_	_	words@knp1932m	@knp1932m	00:02:41.046	00:02:41.677
427	того	то	PRON	_	Animacy=Inan|Case=Gen|Gender=Neut|Number=Sing	_	_	_	words@knp1932m	@knp1932m	00:02:41.677	00:02:42.008
428	что	что	SCONJ	_	_	_	_	_	words@knp1932m	@knp1932m	00:02:42.008	00:02:42.211
429	вот	вот	PART	_	_	_	_	_	words@knp1932m	@knp1932m	00:02:42.211	00:02:42.411
430	обезьян	обезьяна	NOUN	_	Animacy=Anim|Case=Gen|Gender=Fem|Number=Plur	_	_	_	words@knp1932m	@knp1932m	00:02:42.411	00:02:43.013
431	/	/	PUNCT	_	_	_	_	_	words@knp1932m	@knp1932m	00:02:43.013	00:02:43.468
432	так	так	ADV	_	Degree=Pos	_	_	_	words@knp1932m	@knp1932m	00:02:43.468	00:02:43.599
433	сказать	сказать	VERB	_	Aspect=Perf|VerbForm=Inf|Voice=Act	_	_	_	words@knp1932m	@knp1932m	00:02:43.599	00:02:43.857
434	/	/	PUNCT	_	_	_	_	_	words@knp1932m	@knp1932m	00:02:43.857	00:02:43.935
435	пустить	пустить	VERB	_	Aspect=Perf|VerbForm=Inf|Voice=Act	_	_	_	words@knp1932m	@knp1932m	00:02:43.935	00:02:44.486
436	/	/	PUNCT	_	_	_	_	_	words@knp1932m	@knp1932m	00:02:44.486	00:02:44.537
437	так	так	ADV	_	Degree=Pos	_	_	_	words@knp1932m	@knp1932m	00:02:44.537	00:02:44.675
438	сказать	сказать	VERB	_	Aspect=Perf|VerbForm=Inf|Voice=Act	_	_	_	words@knp1932m	@knp1932m	00:02:44.675	00:02:44.897
439	в	в	ADP	_	_	_	_	_	words@knp1932m	@knp1932m	00:02:44.897	00:02:45.177
440	высокие	высокий	ADJ	_	Animacy=Inan|Case=Acc|Degree=Pos|Number=Plur	_	_	_	words@knp1932m	@knp1932m	00:02:45.177	00:02:45.639
441	технологии	технология	NOUN	_	Animacy=Inan|Case=Acc|Gender=Fem|Number=Plur	_	_	_	words@knp1932m	@knp1932m	00:02:45.639	00:02:46.382
442	так	так	ADV	_	Degree=Pos	_	_	_	words@knp1932m	@knp1932m	00:02:46.382	00:02:46.504
443	сказать	сказать	VERB	_	Aspect=Perf|VerbForm=Inf|Voice=Act	_	_	_	words@knp1932m	@knp1932m	00:02:46.504	00:02:46.826
444	и	и	CCONJ	_	_	_	_	_	words@knp1932m	@knp1932m	00:02:46.826	00:02:47.008
445	/	/	PUNCT	_	_	_	_	_	words@knp1932m	@knp1932m	00:02:47.008	00:02:47.411
446	вот	вот	PART	_	_	_	_	_	words@knp1932m	@knp1932m	00:02:47.411	00:02:47.546
447	что	что	PRON	_	Animacy=Inan|Case=Nom|Gender=Neut|Number=Sing	_	_	_	words@knp1932m	@knp1932m	00:02:47.546	00:02:47.793
448	может	мочь	VERB	_	Aspect=Imp|Mood=Ind|Number=Sing|Person=3|Tense=Pres|VerbForm=Fin|Voice=Act	_	_	_	words@knp1932m	@knp1932m	00:02:47.793	00:02:48.026
449	из	из	ADP	_	_	_	_	_	words@knp1932m	@knp1932m	00:02:48.026	00:02:48.166
450	этого	это	PRON	_	Animacy=Inan|Case=Gen|Gender=Neut|Number=Sing	_	_	_	words@knp1932m	@knp1932m	00:02:48.166	00:02:48.486
451	получиться	получиться	VERB	_	Aspect=Perf|VerbForm=Inf|Voice=Mid	_	_	_	words@knp1932m	@knp1932m	00:02:48.486	00:02:49.242
452	/	/	PUNCT	_	_	_	_	_	words@knp1932m	@knp1932m	00:02:49.242	00:02:49.353
453	потешались	потешаться	VERB	_	Aspect=Imp|Mood=Ind|Number=Plur|Tense=Past|VerbForm=Fin|Voice=Mid	_	_	_	words@knp1932m	@knp1932m	00:02:49.353	00:02:50.188
454	а	а	CCONJ	_	_	_	_	_	words@knp1932m	@knp1932m	00:02:50.188	00:02:50.306
455	сами	сам	DET	_	Case=Nom|Number=Plur	_	_	_	words@knp1932m	@knp1932m	00:02:50.306	00:02:50.713
456	так	так	ADV	_	Degree=Pos	_	_	_	words@knp1932m	@knp1932m	00:02:50.713	00:02:50.848
457	сказать	сказать	VERB	_	Aspect=Perf|VerbForm=Inf|Voice=Act	_	_	_	words@knp1932m	@knp1932m	00:02:50.848	00:02:51.139
458	пострадали	пострадать	VERB	_	Aspect=Perf|Mood=Ind|Number=Plur|Tense=Past|VerbForm=Fin|Voice=Act	_	_	_	words@knp1932m	@knp1932m	00:02:51.139	00:02:51.782
459	/	/	PUNCT	_	_	_	_	_	words@knp1932m	@knp1932m	00:02:51.782	00:02:52.371
460	как	как	ADV	_	Degree=Pos	_	_	_	words@knp1932m	@knp1932m	00:02:52.371	00:02:52.573
461	вы	вы	PRON	_	Case=Nom|Number=Plur|Person=2	_	_	_	words@knp1932m	@knp1932m	00:02:52.573	00:02:52.646
462	знаете	знать	VERB	_	Aspect=Imp|Mood=Ind|Number=Plur|Person=2|Tense=Pres|VerbForm=Fin|Voice=Act	_	_	_	words@knp1932m	@knp1932m	00:02:52.646	00:02:53.179
463	очень	очень	ADV	_	Degree=Pos	_	_	_	words@knp1932m	@knp1932m	00:02:53.179	00:02:53.548
464	/	/	PUNCT	_	_	_	_	_	words@knp1932m	@knp1932m	00:02:53.548	00:02:53.936
465	здорово	здорово	ADV	_	Degree=Pos	_	_	_	words@knp1932m	@knp1932m	00:02:53.936	00:02:54.624
466	//	//	PUNCT	_	_	_	_	_	words@knp1932m	@knp1932m	00:02:54.624	00:02:54.713
467	в	в	ADP	_	_	_	_	_	words@knp1932m	@knp1932m	00:02:55.626	00:02:55.675
468	две	два	NUM	_	Animacy=Inan|Case=Acc|Gender=Fem	_	_	_	words@knp1932m	@knp1932m	00:02:55.675	00:02:55.822
469	тысячи	тысяча	NOUN	_	Animacy=Inan|Case=Gen|Gender=Fem|Number=Sing	_	_	_	words@knp1932m	@knp1932m	00:02:55.822	00:02:56.042
470	одиннадцатом	одиннадцатый	ADJ	_	Case=Loc|Degree=Pos|Gender=Masc|Number=Sing	_	_	_	words@knp1932m	@knp1932m	00:02:56.042	00:02:56.588
471	году	год	NOUN	_	Animacy=Inan|Case=Loc|Gender=Masc|Number=Sing	_	_	_	words@knp1932m	@knp1932m	00:02:56.588	00:02:56.879
472	/	/	PUNCT	_	_	_	_	_	words@knp1932m	@knp1932m	00:02:56.879	00:02:56.977
473	но	но	CCONJ	_	_	_	_	_	words@knp1932m	@knp1932m	00:02:56.977	00:02:57.053
474	об	об	ADP	_	_	_	_	_	words@knp1932m	@knp1932m	00:02:57.053	00:02:57.175
475	этом	это	PRON	_	Animacy=Inan|Case=Loc|Gender=Neut|Number=Sing	_	_	_	words@knp1932m	@knp1932m	00:02:57.175	00:02:57.422
476	позднее	поздно	ADV	_	Degree=Cmp	_	_	_	words@knp1932m	@knp1932m	00:02:57.422	00:02:57.791
477	//	//	PUNCT	_	_	_	_	_	words@knp1932m	@knp1932m	00:02:57.791	00:02:57.857
478	всё	все	PRON	_	Animacy=Inan|Case=Nom|Gender=Neut|Number=Sing	_	_	_	words@knp1932m	@knp1932m	00:03:01.371	00:03:01.824
479	вот	вот	PART	_	_	_	_	_	words@knp1932m	@knp1932m	00:03:01.824	00:03:02.004
480	это	этот	PRON	_	Animacy=Inan|Case=Nom|Gender=Neut|Number=Sing	_	_	_	words@knp1932m	@knp1932m	00:03:02.004	00:03:02.293
481	то	то	PRON	_	Animacy=Inan|Case=Nom|Gender=Neut|Number=Sing	_	_	_	words@knp1932m	@knp1932m	00:03:02.293	00:03:02.417
482	что	что	PRON	_	Animacy=Inan|Case=Acc|Gender=Neut|Number=Sing	_	_	_	words@knp1932m	@knp1932m	00:03:02.417	00:03:02.537
483	я	я	PRON	_	Case=Nom|Number=Sing|Person=1	_	_	_	words@knp1932m	@knp1932m	00:03:02.537	00:03:02.715
484	сказал	сказать	VERB	_	Aspect=Perf|Gender=Masc|Mood=Ind|Number=Sing|Tense=Past|VerbForm=Fin|Voice=Act	_	_	_	words@knp1932m	@knp1932m	00:03:02.715	00:03:03.341
485	/	/	PUNCT	_	_	_	_	_	words@knp1932m	@knp1932m	00:03:03.341	00:03:04.459
486	вызывало	вызывать	VERB	_	Aspect=Imp|Gender=Neut|Mood=Ind|Number=Sing|Tense=Past|VerbForm=Fin|Voice=Act	_	_	_	words@knp1932m	@knp1932m	00:03:04.459	00:03:05.222
487	/	/	PUNCT	_	_	_	_	_	words@knp1932m	@knp1932m	00:03:05.222	00:03:05.391
488	у	у	ADP	_	_	_	_	_	words@knp1932m	@knp1932m	00:03:05.391	00:03:05.531
489	персонала	персонал	NOUN	_	Animacy=Inan|Case=Gen|Gender=Masc|Number=Sing	_	_	_	words@knp1932m	@knp1932m	00:03:05.531	00:03:06.135
490	станции	станция	NOUN	_	Animacy=Inan|Case=Gen|Gender=Fem|Number=Sing	_	_	_	words@knp1932m	@knp1932m	00:03:06.135	00:03:06.773
491	ощущение	ощущение	NOUN	_	Animacy=Inan|Case=Acc|Gender=Neut|Number=Sing	_	_	_	words@knp1932m	@knp1932m	00:03:06.773	00:03:07.613
492	/	/	PUNCT	_	_	_	_	_	words@knp1932m	@knp1932m	00:03:07.613	00:03:08.159
493	того	то	PRON	_	Animacy=Inan|Case=Gen|Gender=Neut|Number=Sing	_	_	_	words@knp1932m	@knp1932m	00:03:08.159	00:03:08.377
494	что	что	SCONJ	_	_	_	_	_	words@knp1932m	@knp1932m	00:03:08.377	00:03:08.655
495	ну	ну	PART	_	_	_	_	_	words@knp1932m	@knp1932m	00:03:08.655	00:03:08.879
496	ничего	ничто	PRON	_	Animacy=Inan|Case=Gen|Gender=Neut|Number=Sing	_	_	_	words@knp1932m	@knp1932m	00:03:08.879	00:03:09.382
497	на	на	ADP	_	_	_	_	_	words@knp1932m	@knp1932m	00:03:09.382	00:03:09.533
498	станции	станция	NOUN	_	Animacy=Inan|Case=Loc|Gender=Fem|Number=Sing	_	_	_	words@knp1932m	@knp1932m	00:03:09.533	00:03:10.004
499	не	не	PART	_	Polarity=Neg	_	_	_	words@knp1932m	@knp1932m	00:03:10.004	00:03:10.113
500	может	мочь	VERB	_	Aspect=Imp|Mood=Ind|Number=Sing|Person=3|Tense=Pres|VerbForm=Fin|Voice=Act	_	_	_	words@knp1932m	@knp1932m	00:03:10.113	00:03:10.475
501	быть	быть	AUX	_	Aspect=Imp|VerbForm=Inf|Voice=Act	_	_	_	words@knp1932m	@knp1932m	00:03:10.475	00:03:10.637
502	ну	ну	PART	_	_	_	_	_	words@knp1932m	@knp1932m	00:03:10.637	00:03:10.786
503	такое	такой	DET	_	Case=Nom|Gender=Neut|Number=Sing	_	_	_	words@knp1932m	@knp1932m	00:03:10.786	00:03:11.222
504	так	так	ADV	_	Degree=Pos	_	_	_	words@knp1932m	@knp1932m	00:03:11.222	00:03:11.368
505	сказать	сказать	VERB	_	Aspect=Perf|VerbForm=Inf|Voice=Act	_	_	_	words@knp1932m	@knp1932m	00:03:11.368	00:03:11.619
506	сооружение	сооружение	NOUN	_	Animacy=Inan|Case=Acc|Gender=Neut|Number=Sing	_	_	_	words@knp1932m	@knp1932m	00:03:11.619	00:03:12.284
507	великолепное	великолепный	ADJ	_	Case=Nom|Degree=Pos|Gender=Neut|Number=Sing	_	_	_	words@knp1932m	@knp1932m	00:03:12.284	00:03:12.966
508	//	//	PUNCT	_	_	_	_	_	words@knp1932m	@knp1932m	00:03:12.966	00:03:12.997
509	и	и	CCONJ	_	_	_	_	_	words@knp1932m	@knp1932m	00:03:13.871	00:03:14.128
510	это	это	PRON	_	Animacy=Inan|Case=Nom|Gender=Neut|Number=Sing	_	_	_	words@knp1932m	@knp1932m	00:03:14.128	00:03:14.413
511	послужило	послужить	VERB	_	Aspect=Perf|Gender=Neut|Mood=Ind|Number=Sing|Tense=Past|VerbForm=Fin|Voice=Act	_	_	_	words@knp1932m	@knp1932m	00:03:14.413	00:03:15.122
512	/	/	PUNCT	_	_	_	_	_	words@knp1932m	@knp1932m	00:03:15.122	00:03:16.068
513	эээ	эээ	PROPN	_	Abbr=Yes	_	_	_	words@knp1932m	@knp1932m	00:03:16.068	00:03:16.428
514	/	/	PUNCT	_	_	_	_	_	words@knp1932m	@knp1932m	00:03:16.428	00:03:17.517
515	основанием	основание	NOUN	_	Animacy=Inan|Case=Ins|Gender=Neut|Number=Sing	_	_	_	words@knp1932m	@knp1932m	00:03:17.517	00:03:18.326
516	тому	то	PRON	_	Animacy=Inan|Case=Dat|Gender=Neut|Number=Sing	_	_	_	words@knp1932m	@knp1932m	00:03:18.326	00:03:18.924
517	/	/	PUNCT	_	_	_	_	_	words@knp1932m	@knp1932m	00:03:18.924	00:03:19.408
518	что	что	SCONJ	_	_	_	_	_	words@knp1932m	@knp1932m	00:03:19.408	00:03:19.673
519	персонал	персонал	NOUN	_	Animacy=Inan|Case=Nom|Gender=Masc|Number=Sing	_	_	_	words@knp1932m	@knp1932m	00:03:19.673	00:03:20.255
520	действительно	действительно	ADV	_	Degree=Pos	_	_	_	words@knp1932m	@knp1932m	00:03:20.255	00:03:21.068
521	небрежно	небрежный	ADJ	_	Degree=Pos|Gender=Neut|Number=Sing|Variant=Short	_	_	_	words@knp1932m	@knp1932m	00:03:21.068	00:03:21.979
522	/	/	PUNCT	_	_	_	_	_	words@knp1932m	@knp1932m	00:03:21.979	00:03:22.062
523	относился	относиться	VERB	_	Aspect=Imp|Gender=Masc|Mood=Ind|Number=Sing|Tense=Past|VerbForm=Fin|Voice=Mid	_	_	_	words@knp1932m	@knp1932m	00:03:22.062	00:03:22.786
524	к	к	ADP	_	_	_	_	_	words@knp1932m	@knp1932m	00:03:22.786	00:03:22.826
525	этому	это	PRON	_	Animacy=Inan|Case=Dat|Gender=Neut|Number=Sing	_	_	_	words@knp1932m	@knp1932m	00:03:22.826	00:03:23.266
526	//	//	PUNCT	_	_	_	_	_	words@knp1932m	@knp1932m	00:03:23.266	00:03:23.353
527	ночное	ночной	ADJ	_	Case=Nom|Degree=Pos|Gender=Neut|Number=Sing	_	_	_	words@knp1932m	@knp1932m	00:03:24.137	00:03:24.724
528	время	время	NOUN	_	Animacy=Inan|Case=Nom|Gender=Neut|Number=Sing	_	_	_	words@knp1932m	@knp1932m	00:03:24.724	00:03:25.244
529	/	/	PUNCT	_	_	_	_	_	words@knp1932m	@knp1932m	00:03:25.244	00:03:25.313
530	значит	значить	ADV	_	Degree=Pos	_	_	_	words@knp1932m	@knp1932m	00:03:25.313	00:03:25.595
531	надо	надо	ADV	_	Degree=Pos	_	_	_	words@knp1932m	@knp1932m	00:03:25.595	00:03:25.935
532	так	так	ADV	_	Degree=Pos	_	_	_	words@knp1932m	@knp1932m	00:03:25.935	00:03:26.102
533	сказать	сказать	VERB	_	Aspect=Perf|VerbForm=Inf|Voice=Act	_	_	_	words@knp1932m	@knp1932m	00:03:26.102	00:03:26.497
534	эээ	эээ	PRON	_	Animacy=Inan|Case=Acc|Gender=Neut|Number=Sing	_	_	_	words@knp1932m	@knp1932m	00:03:26.497	00:03:26.846
535	/	/	PUNCT	_	_	_	_	_	words@knp1932m	@knp1932m	00:03:26.846	00:03:26.899
536	уложиться	уложиться	VERB	_	Aspect=Perf|VerbForm=Inf|Voice=Mid	_	_	_	words@knp1932m	@knp1932m	00:03:26.899	00:03:27.619
537	/	/	PUNCT	_	_	_	_	_	words@knp1932m	@knp1932m	00:03:27.619	00:03:28.099
538	в	в	ADP	_	_	_	_	_	words@knp1932m	@knp1932m	00:03:28.099	00:03:28.133
539	эксперимент	эксперимент	NOUN	_	Animacy=Inan|Case=Acc|Gender=Masc|Number=Sing	_	_	_	words@knp1932m	@knp1932m	00:03:28.133	00:03:28.899
540	/	/	PUNCT	_	_	_	_	_	words@knp1932m	@knp1932m	00:03:28.899	00:03:29.348
541	праздники	праздник	NOUN	_	Animacy=Inan|Case=Nom|Gender=Masc|Number=Plur	_	_	_	words@knp1932m	@knp1932m	00:03:29.348	00:03:29.868
542	наблюдае...	наблюдае...	NOUN	_	Abbr=Yes	_	_	_	words@knp1932m	@knp1932m	00:03:29.868	00:03:30.546
543	эээ	эээ	NOUN	_	Abbr=Yes	_	_	_	words@knp1932m	@knp1932m	00:03:30.546	00:03:30.813
544	начинаются	начинаться	VERB	_	Aspect=Imp|Mood=Ind|Number=Plur|Person=3|Tense=Pres|VerbForm=Fin|Voice=Mid	_	_	_	words@knp1932m	@knp1932m	00:03:30.813	00:03:31.504
545	скоро	скоро	ADV	_	Degree=Pos	_	_	_	words@knp1932m	@knp1932m	00:03:31.504	00:03:31.877
546	первомайские	первомайский	ADJ	_	Case=Nom|Degree=Pos|Number=Plur	_	_	_	words@knp1932m	@knp1932m	00:03:31.877	00:03:32.788
547	//	//	PUNCT	_	_	_	_	_	words@knp1932m	@knp1932m	00:03:32.788	00:03:32.833
548	всё	все	PRON	_	Animacy=Inan|Case=Nom|Gender=Neut|Number=Sing	_	_	_	words@knp1932m	@knp1932m	00:03:33.246	00:03:33.484
549	вроде	вроде	ADV	_	Degree=Pos	_	_	_	words@knp1932m	@knp1932m	00:03:33.484	00:03:33.779
550	понятно	понятный	ADJ	_	Degree=Pos|Gender=Neut|Number=Sing|Variant=Short	_	_	_	words@knp1932m	@knp1932m	00:03:33.779	00:03:34.331
551	//	//	PUNCT	_	_	_	_	_	words@knp1932m	@knp1932m	00:03:34.331	00:03:34.351
552	на	на	ADP	_	_	_	_	_	words@knp1932m	@knp1932m	00:03:34.619	00:03:34.724
553	самом	самый	DET	_	Case=Loc|Gender=Neut|Number=Sing	_	_	_	words@knp1932m	@knp1932m	00:03:34.724	00:03:34.953
554	деле	дело	NOUN	_	Animacy=Inan|Case=Loc|Gender=Neut|Number=Sing	_	_	_	words@knp1932m	@knp1932m	00:03:34.953	00:03:35.306
555	программа	программа	NOUN	_	Animacy=Inan|Case=Nom|Gender=Fem|Number=Sing	_	_	_	words@knp1932m	@knp1932m	00:03:35.306	00:03:35.999
556	по	по	ADP	_	_	_	_	_	words@knp1932m	@knp1932m	00:03:35.999	00:03:36.132
557	которой	который	PRON	_	Case=Dat|Gender=Fem|Number=Sing	_	_	_	words@knp1932m	@knp1932m	00:03:36.132	00:03:36.545
558	/	/	PUNCT	_	_	_	_	_	words@knp1932m	@knp1932m	00:03:36.545	00:03:36.862
559	работали	работать	VERB	_	Aspect=Imp|Mood=Ind|Number=Plur|Tense=Past|VerbForm=Fin|Voice=Act	_	_	_	words@knp1932m	@knp1932m	00:03:36.862	00:03:37.535
560	программа	программа	NOUN	_	Animacy=Inan|Case=Nom|Gender=Fem|Number=Sing	_	_	_	words@knp1932m	@knp1932m	00:03:37.535	00:03:37.975
561	по	по	ADP	_	_	_	_	_	words@knp1932m	@knp1932m	00:03:37.975	00:03:38.088
562	которой	который	PRON	_	Case=Dat|Gender=Fem|Number=Sing	_	_	_	words@knp1932m	@knp1932m	00:03:38.088	00:03:38.391
563	работали	работать	VERB	_	Aspect=Imp|Mood=Ind|Number=Plur|Tense=Past|VerbForm=Fin|Voice=Act	_	_	_	words@knp1932m	@knp1932m	00:03:38.391	00:03:38.984
564	/	/	PUNCT	_	_	_	_	_	words@knp1932m	@knp1932m	00:03:38.984	00:03:39.584
565	она	она	PRON	_	Case=Nom|Gender=Fem|Number=Sing|Person=3	_	_	_	words@knp1932m	@knp1932m	00:03:39.584	00:03:39.933
566	была	быть	AUX	_	Aspect=Imp|Gender=Fem|Mood=Ind|Number=Sing|Tense=Past|VerbForm=Fin|Voice=Act	_	_	_	words@knp1932m	@knp1932m	00:03:39.933	00:03:40.184
567	составлена	составить	VERB	_	Aspect=Perf|Gender=Fem|Number=Sing|Tense=Past|Variant=Short|VerbForm=Part|Voice=Pass	_	_	_	words@knp1932m	@knp1932m	00:03:40.184	00:03:41.144
568	/	/	PUNCT	_	_	_	_	_	words@knp1932m	@knp1932m	00:03:41.144	00:03:41.517
569	не	не	PART	_	Polarity=Neg	_	_	_	words@knp1932m	@knp1932m	00:03:41.517	00:03:41.846
570	ядерщиком	ядерщик	NOUN	_	Animacy=Anim|Case=Ins|Gender=Masc|Number=Sing	_	_	_	words@knp1932m	@knp1932m	00:03:41.846	00:03:42.613
571	/	/	PUNCT	_	_	_	_	_	words@knp1932m	@knp1932m	00:03:42.613	00:03:42.651
572	а	а	CCONJ	_	_	_	_	_	words@knp1932m	@knp1932m	00:03:42.651	00:03:42.746
573	электриком	электрик	NOUN	_	Animacy=Anim|Case=Ins|Gender=Masc|Number=Sing	_	_	_	words@knp1932m	@knp1932m	00:03:42.746	00:03:43.511
574	//	//	PUNCT	_	_	_	_	_	words@knp1932m	@knp1932m	00:03:43.511	00:03:43.568
575	она	она	PRON	_	Case=Nom|Gender=Fem|Number=Sing|Person=3	_	_	_	words@knp1932m	@knp1932m	00:03:44.417	00:03:44.702
576	не	не	PART	_	Polarity=Neg	_	_	_	words@knp1932m	@knp1932m	00:03:44.702	00:03:44.902
577	прошла	пройти	VERB	_	Aspect=Perf|Gender=Fem|Mood=Ind|Number=Sing|Tense=Past|VerbForm=Fin|Voice=Act	_	_	_	words@knp1932m	@knp1932m	00:03:44.902	00:03:45.377
578	необходимые	необходимый	ADJ	_	Animacy=Inan|Case=Acc|Degree=Pos|Number=Plur	_	_	_	words@knp1932m	@knp1932m	00:03:45.377	00:03:46.064
579	в	в	ADP	_	_	_	_	_	words@knp1932m	@knp1932m	00:03:46.064	00:03:46.137
580	таком	такой	DET	_	Case=Loc|Gender=Masc|Number=Sing	_	_	_	words@knp1932m	@knp1932m	00:03:46.137	00:03:46.457
581	случае	случай	NOUN	_	Animacy=Inan|Case=Loc|Gender=Masc|Number=Sing	_	_	_	words@knp1932m	@knp1932m	00:03:46.457	00:03:46.911
582	согласования	согласование	NOUN	_	Animacy=Inan|Case=Acc|Gender=Neut|Number=Plur	_	_	_	words@knp1932m	@knp1932m	00:03:46.911	00:03:47.895
583	/	/	PUNCT	_	_	_	_	_	words@knp1932m	@knp1932m	00:03:47.895	00:03:48.404
584	и	и	CCONJ	_	_	_	_	_	words@knp1932m	@knp1932m	00:03:48.404	00:03:48.522
585	разрешения	разрешение	NOUN	_	Animacy=Inan|Case=Acc|Gender=Neut|Number=Plur	_	_	_	words@knp1932m	@knp1932m	00:03:48.522	00:03:49.355
586	//	//	PUNCT	_	_	_	_	_	words@knp1932m	@knp1932m	00:03:49.355	00:03:49.453
587	остается	оставаться	VERB	_	Aspect=Imp|Mood=Ind|Number=Sing|Person=3|Tense=Pres|VerbForm=Fin|Voice=Mid	_	_	_	words@knp1932m	@knp1932m	00:03:50.404	00:03:50.944
588	просто	просто	PART	_	_	_	_	_	words@knp1932m	@knp1932m	00:03:50.944	00:03:51.199
589	удивляться	удивляться	VERB	_	Aspect=Imp|VerbForm=Inf|Voice=Mid	_	_	_	words@knp1932m	@knp1932m	00:03:51.199	00:03:51.884
590	/	/	PUNCT	_	_	_	_	_	words@knp1932m	@knp1932m	00:03:51.884	00:03:52.268
591	как	как	ADV	_	Degree=Pos	_	_	_	words@knp1932m	@knp1932m	00:03:52.268	00:03:52.508
592	это	это	PRON	_	Animacy=Inan|Case=Nom|Gender=Neut|Number=Sing	_	_	_	words@knp1932m	@knp1932m	00:03:52.508	00:03:52.711
593	могло	мочь	VERB	_	Aspect=Imp|Gender=Neut|Mood=Ind|Number=Sing|Tense=Past|VerbForm=Fin|Voice=Act	_	_	_	words@knp1932m	@knp1932m	00:03:52.711	00:03:53.222
594	произойти	произойти	VERB	_	Aspect=Perf|VerbForm=Inf|Voice=Act	_	_	_	words@knp1932m	@knp1932m	00:03:53.222	00:03:53.733
595	//	//	PUNCT	_	_	_	_	_	words@knp1932m	@knp1932m	00:03:53.733	00:03:53.775
596	это	это	PRON	_	Animacy=Inan|Case=Nom|Gender=Neut|Number=Sing	_	_	_	words@knp1932m	@knp1932m	00:03:54.284	00:03:54.477
597	грубейшее	грубый	ADJ	_	Case=Nom|Degree=Sup|Gender=Neut|Number=Sing	_	_	_	words@knp1932m	@knp1932m	00:03:54.477	00:03:55.079
598	нарушение	нарушение	NOUN	_	Animacy=Inan|Case=Nom|Gender=Neut|Number=Sing	_	_	_	words@knp1932m	@knp1932m	00:03:55.079	00:03:55.719
599	/	/	PUNCT	_	_	_	_	_	words@knp1932m	@knp1932m	00:03:55.719	00:03:56.442
600	которое	который	PRON	_	Case=Nom|Gender=Neut|Number=Sing	_	_	_	words@knp1932m	@knp1932m	00:03:56.442	00:03:56.851
601	конечно	конечно	ADV	_	Degree=Pos	_	_	_	words@knp1932m	@knp1932m	00:03:56.851	00:03:57.299
602	не	не	PART	_	Polarity=Neg	_	_	_	words@knp1932m	@knp1932m	00:03:57.299	00:03:57.515
603	связано	связать	VERB	_	Aspect=Perf|Gender=Neut|Number=Sing|Tense=Past|Variant=Short|VerbForm=Part|Voice=Pass	_	_	_	words@knp1932m	@knp1932m	00:03:57.515	00:03:58.153
604	/	/	PUNCT	_	_	_	_	_	words@knp1932m	@knp1932m	00:03:58.153	00:03:58.251
605	с	с	ADP	_	_	_	_	_	words@knp1932m	@knp1932m	00:03:58.251	00:03:58.379
606	тем	то	PRON	_	Animacy=Inan|Case=Ins|Gender=Neut|Number=Sing	_	_	_	words@knp1932m	@knp1932m	00:03:58.379	00:03:58.539
607	что	что	SCONJ	_	_	_	_	_	words@knp1932m	@knp1932m	00:03:58.539	00:03:58.764
608	персонал	персонал	NOUN	_	Animacy=Inan|Case=Nom|Gender=Masc|Number=Sing	_	_	_	words@knp1932m	@knp1932m	00:03:58.764	00:03:59.319
609	был	быть	AUX	_	Aspect=Imp|Gender=Masc|Mood=Ind|Number=Sing|Tense=Past|VerbForm=Fin|Voice=Act	_	_	_	words@knp1932m	@knp1932m	00:03:59.319	00:03:59.524
610	плохой	плохой	ADJ	_	Case=Nom|Degree=Pos|Gender=Masc|Number=Sing	_	_	_	words@knp1932m	@knp1932m	00:03:59.524	00:03:59.977
611	/	/	PUNCT	_	_	_	_	_	words@knp1932m	@knp1932m	00:03:59.977	00:04:00.442
612	как	как	SCONJ	_	_	_	_	_	words@knp1932m	@knp1932m	00:04:00.442	00:04:00.646
613	поначалу	поначалу	ADV	_	Degree=Pos	_	_	_	words@knp1932m	@knp1932m	00:04:00.646	00:04:01.155
614	говорили	говорить	VERB	_	Aspect=Imp|Mood=Ind|Number=Plur|Tense=Past|VerbForm=Fin|Voice=Act	_	_	_	words@knp1932m	@knp1932m	00:04:01.155	00:04:01.604
615	/	/	PUNCT	_	_	_	_	_	words@knp1932m	@knp1932m	00:04:01.604	00:04:01.646
616	что	что	SCONJ	_	_	_	_	_	words@knp1932m	@knp1932m	00:04:01.646	00:04:01.828
617	все	все	PRON	_	Animacy=Anim|Case=Nom|Number=Plur	_	_	_	words@knp1932m	@knp1932m	00:04:01.828	00:04:02.062
618	так	так	ADV	_	Degree=Pos	_	_	_	words@knp1932m	@knp1932m	00:04:02.062	00:04:02.202
619	сказать	сказать	VERB	_	Aspect=Perf|VerbForm=Inf|Voice=Act	_	_	_	words@knp1932m	@knp1932m	00:04:02.202	00:04:02.491
620	беды	беда	NOUN	_	Animacy=Inan|Case=Gen|Gender=Fem|Number=Sing	_	_	_	words@knp1932m	@knp1932m	00:04:02.491	00:04:02.786
621	из-за	из-за	ADP	_	_	_	_	_	words@knp1932m	@knp1932m	00:04:02.786	00:04:03.039
622	/	/	PUNCT	_	_	_	_	_	words@knp1932m	@knp1932m	00:04:03.039	00:04:03.606
623	того	то	PRON	_	Animacy=Inan|Case=Gen|Gender=Neut|Number=Sing	_	_	_	words@knp1932m	@knp1932m	00:04:03.606	00:04:03.813
624	что	что	SCONJ	_	_	_	_	_	words@knp1932m	@knp1932m	00:04:03.813	00:04:04.033
625	персонал	персонал	NOUN	_	Animacy=Inan|Case=Nom|Gender=Masc|Number=Sing	_	_	_	words@knp1932m	@knp1932m	00:04:04.033	00:04:04.546
626	/	/	PUNCT	_	_	_	_	_	words@knp1932m	@knp1932m	00:04:04.546	00:04:04.682
627	наделал	наделать	VERB	_	Aspect=Perf|Gender=Masc|Mood=Ind|Number=Sing|Tense=Past|VerbForm=Fin|Voice=Act	_	_	_	words@knp1932m	@knp1932m	00:04:04.682	00:04:05.115
628	ошибок	ошибка	NOUN	_	Animacy=Inan|Case=Gen|Gender=Fem|Number=Plur	_	_	_	words@knp1932m	@knp1932m	00:04:05.115	00:04:05.651
629	//	//	PUNCT	_	_	_	_	_	words@knp1932m	@knp1932m	00:04:05.651	00:04:05.717
630	ну	ну	PART	_	_	_	_	_	words@knp1932m	@knp1932m	00:04:05.955	00:04:06.073
631	вот	вот	PART	_	_	_	_	_	words@knp1932m	@knp1932m	00:04:06.073	00:04:06.275
632	это-то	это-то	PRON	_	Animacy=Inan|Case=Nom|Gender=Neut|Number=Sing	_	_	_	words@knp1932m	@knp1932m	00:04:06.275	00:04:06.613
633	/	/	PUNCT	_	_	_	_	_	words@knp1932m	@knp1932m	00:04:06.613	00:04:06.659
634	кто	кто	PRON	_	Animacy=Anim|Case=Nom|Gender=Masc|Number=Sing	_	_	_	words@knp1932m	@knp1932m	00:04:06.659	00:04:06.853
635	эти	этот	DET	_	Animacy=Inan|Case=Acc|Number=Plur	_	_	_	words@knp1932m	@knp1932m	00:04:06.853	00:04:07.059
636	ошибки	ошибка	NOUN	_	Animacy=Inan|Case=Acc|Gender=Fem|Number=Plur	_	_	_	words@knp1932m	@knp1932m	00:04:07.059	00:04:07.497
637	наделал?	наделать	VERB	_	Aspect=Perf|Gender=Masc|Mood=Ind|Number=Sing|Tense=Past|VerbForm=Fin|Voice=Act	_	_	_	words@knp1932m	@knp1932m	00:04:07.497	00:04:07.986
638	//	//	PUNCT	_	_	_	_	_	words@knp1932m	@knp1932m	00:04:07.986	00:04:08.066
639	ну	ну	PART	_	_	_	_	_	words@knp1932m	@knp1932m	00:04:10.686	00:04:10.822
640	в	в	ADP	_	_	_	_	_	words@knp1932m	@knp1932m	00:04:10.822	00:04:10.953
641	период	период	NOUN	_	Animacy=Inan|Case=Acc|Gender=Masc|Number=Sing	_	_	_	words@knp1932m	@knp1932m	00:04:10.953	00:04:11.264
642	перестройки	перестройка	NOUN	_	Animacy=Inan|Case=Gen|Gender=Fem|Number=Sing	_	_	_	words@knp1932m	@knp1932m	00:04:11.264	00:04:11.759
643	вы	вы	PRON	_	Case=Nom|Number=Plur|Person=2	_	_	_	words@knp1932m	@knp1932m	00:04:11.759	00:04:11.873
644	знаете	знать	VERB	_	Aspect=Imp|Mood=Ind|Number=Plur|Person=2|Tense=Pres|VerbForm=Fin|Voice=Act	_	_	_	words@knp1932m	@knp1932m	00:04:11.873	00:04:12.168
645	ошибок	ошибка	NOUN	_	Animacy=Inan|Case=Gen|Gender=Fem|Number=Plur	_	_	_	words@knp1932m	@knp1932m	00:04:12.168	00:04:12.584
646	было	быть	AUX	_	Aspect=Imp|Gender=Neut|Mood=Ind|Number=Sing|Tense=Past|VerbForm=Fin|Voice=Act	_	_	_	words@knp1932m	@knp1932m	00:04:12.584	00:04:12.831
647	/	/	PUNCT	_	_	_	_	_	words@knp1932m	@knp1932m	00:04:12.831	00:04:13.348
648	немало	немало	ADV	_	Degree=Pos	_	_	_	words@knp1932m	@knp1932m	00:04:13.348	00:04:13.804
649	/	/	PUNCT	_	_	_	_	_	words@knp1932m	@knp1932m	00:04:13.804	00:04:14.255
650	ну	ну	PART	_	_	_	_	_	words@knp1932m	@knp1932m	00:04:14.255	00:04:14.382
651	может	мочь	VERB	_	Aspect=Imp|Mood=Ind|Number=Sing|Person=3|Tense=Pres|VerbForm=Fin|Voice=Act	_	_	_	words@knp1932m	@knp1932m	00:04:14.382	00:04:14.699
652	быть	быть	AUX	_	Aspect=Imp|VerbForm=Inf|Voice=Act	_	_	_	words@knp1932m	@knp1932m	00:04:14.699	00:04:14.935
653	так	так	ADV	_	Degree=Pos	_	_	_	words@knp1932m	@knp1932m	00:04:14.935	00:04:15.066
654	сказать	сказать	VERB	_	Aspect=Perf|VerbForm=Inf|Voice=Act	_	_	_	words@knp1932m	@knp1932m	00:04:15.066	00:04:15.331
655	и	и	PART	_	_	_	_	_	words@knp1932m	@knp1932m	00:04:15.331	00:04:15.424
656	эти	этот	DET	_	Case=Nom|Number=Plur	_	_	_	words@knp1932m	@knp1932m	00:04:15.424	00:04:15.599
657	ошибки	ошибка	NOUN	_	Animacy=Inan|Case=Nom|Gender=Fem|Number=Plur	_	_	_	words@knp1932m	@knp1932m	00:04:15.599	00:04:16.059
658	/	/	PUNCT	_	_	_	_	_	words@knp1932m	@knp1932m	00:04:16.059	00:04:17.068
659	эээ	эээ	NOUN	_	Abbr=Yes	_	_	_	words@knp1932m	@knp1932m	00:04:17.068	00:04:17.482
660	/	/	PUNCT	_	_	_	_	_	words@knp1932m	@knp1932m	00:04:17.482	00:04:17.577
661	характерны	характерный	ADJ	_	Degree=Pos|Number=Plur|Variant=Short	_	_	_	words@knp1932m	@knp1932m	00:04:17.577	00:04:18.219
662	для	для	ADP	_	_	_	_	_	words@knp1932m	@knp1932m	00:04:18.219	00:04:18.391
663	этого	этот	DET	_	Case=Gen|Gender=Masc|Number=Sing	_	_	_	words@knp1932m	@knp1932m	00:04:18.391	00:04:18.684
664	периода	период	NOUN	_	Animacy=Inan|Case=Gen|Gender=Masc|Number=Sing	_	_	_	words@knp1932m	@knp1932m	00:04:18.684	00:04:19.386
665	//	//	PUNCT	_	_	_	_	_	words@knp1932m	@knp1932m	00:04:19.386	00:04:19.457
666	значит	значить	ADV	_	Degree=Pos	_	_	_	words@knp1932m	@knp1932m	00:04:22.839	00:04:23.182
667	как	как	ADV	_	Degree=Pos	_	_	_	words@knp1932m	@knp1932m	00:04:23.182	00:04:23.362
668	всё	все	PRON	_	Animacy=Inan|Case=Nom|Gender=Neut|Number=Sing	_	_	_	words@knp1932m	@knp1932m	00:04:23.362	00:04:23.768
669	/	/	PUNCT	_	_	_	_	_	words@knp1932m	@knp1932m	00:04:23.768	00:04:24.339
670	происходило	происходить	VERB	_	Aspect=Imp|Gender=Neut|Mood=Ind|Number=Sing|Tense=Past|VerbForm=Fin|Voice=Act	_	_	_	words@knp1932m	@knp1932m	00:04:24.339	00:04:25.002
671	если	если	SCONJ	_	_	_	_	_	words@knp1932m	@knp1932m	00:04:25.002	00:04:25.362
672	так	так	ADV	_	Degree=Pos	_	_	_	words@knp1932m	@knp1932m	00:04:25.362	00:04:25.499
673	сказать	сказать	VERB	_	Aspect=Perf|VerbForm=Inf|Voice=Act	_	_	_	words@knp1932m	@knp1932m	00:04:25.499	00:04:25.875
674	/	/	PUNCT	_	_	_	_	_	words@knp1932m	@knp1932m	00:04:25.875	00:04:26.308
675	кто	кто	PRON	_	Animacy=Anim|Case=Nom|Gender=Masc|Number=Sing	_	_	_	words@knp1932m	@knp1932m	00:04:26.308	00:04:26.522
676	хочет	хотеть	VERB	_	Aspect=Imp|Mood=Ind|Number=Sing|Person=3|Tense=Pres|VerbForm=Fin|Voice=Act	_	_	_	words@knp1932m	@knp1932m	00:04:26.522	00:04:26.875
677	подробнее	подробно	ADV	_	Degree=Cmp	_	_	_	words@knp1932m	@knp1932m	00:04:26.875	00:04:27.351
678	здесь	здесь	ADV	_	Degree=Pos	_	_	_	words@knp1932m	@knp1932m	00:04:27.351	00:04:27.584
679	может	мочь	VERB	_	Aspect=Imp|Mood=Ind|Number=Sing|Person=3|Tense=Pres|VerbForm=Fin|Voice=Act	_	_	_	words@knp1932m	@knp1932m	00:04:27.584	00:04:27.926
680	видеть	видеть	VERB	_	Aspect=Imp|VerbForm=Inf|Voice=Act	_	_	_	words@knp1932m	@knp1932m	00:04:27.926	00:04:28.413
681	/	/	PUNCT	_	_	_	_	_	words@knp1932m	@knp1932m	00:04:28.413	00:04:28.857
682	на	на	ADP	_	_	_	_	_	words@knp1932m	@knp1932m	00:04:28.857	00:04:28.986
683	слайдах	слайд	NOUN	_	Animacy=Inan|Case=Loc|Gender=Masc|Number=Plur	_	_	_	words@knp1932m	@knp1932m	00:04:28.986	00:04:29.562
684	а	а	CCONJ	_	_	_	_	_	words@knp1932m	@knp1932m	00:04:29.562	00:04:29.839
685	значит	значит	ADV	_	Degree=Pos	_	_	_	words@knp1932m	@knp1932m	00:04:29.839	00:04:30.279
686	/	/	PUNCT	_	_	_	_	_	words@knp1932m	@knp1932m	00:04:30.279	00:04:30.564
687	на	на	ADP	_	_	_	_	_	words@knp1932m	@knp1932m	00:04:30.564	00:04:30.791
688	пальцах	палец	NOUN	_	Animacy=Inan|Case=Loc|Gender=Masc|Number=Plur	_	_	_	words@knp1932m	@knp1932m	00:04:30.791	00:04:31.213
689	если	если	SCONJ	_	_	_	_	_	words@knp1932m	@knp1932m	00:04:31.213	00:04:31.497
690	говорить	говорить	VERB	_	Aspect=Imp|VerbForm=Inf|Voice=Act	_	_	_	words@knp1932m	@knp1932m	00:04:31.497	00:04:31.995
691	//	//	PUNCT	_	_	_	_	_	words@knp1932m	@knp1932m	00:04:31.995	00:04:32.033
692	значит	значит	ADV	_	Degree=Pos	_	_	_	words@knp1932m	@knp1932m	00:04:32.695	00:04:33.082
693	/	/	PUNCT	_	_	_	_	_	words@knp1932m	@knp1932m	00:04:33.082	00:04:33.211
694	невовремя	невовремя	ADV	_	Degree=Pos	_	_	_	words@knp1932m	@knp1932m	00:04:33.211	00:04:33.966
695	начали	начать	VERB	_	Aspect=Perf|Mood=Ind|Number=Plur|Tense=Past|VerbForm=Fin|Voice=Act	_	_	_	words@knp1932m	@knp1932m	00:04:33.966	00:04:34.459
696	эксперимент	эксперимент	NOUN	_	Animacy=Inan|Case=Acc|Gender=Masc|Number=Sing	_	_	_	words@knp1932m	@knp1932m	00:04:34.459	00:04:35.322
697	//	//	PUNCT	_	_	_	_	_	words@knp1932m	@knp1932m	00:04:35.322	00:04:35.397
698	с	с	ADP	_	_	_	_	_	words@knp1932m	@knp1932m	00:04:37.444	00:04:37.602
699	опозданием	опоздание	NOUN	_	Animacy=Inan|Case=Ins|Gender=Neut|Number=Sing	_	_	_	words@knp1932m	@knp1932m	00:04:37.602	00:04:38.382
700	//	//	PUNCT	_	_	_	_	_	words@knp1932m	@knp1932m	00:04:38.382	00:04:38.491
701	значит	значит	ADV	_	Degree=Pos	_	_	_	words@knp1932m	@knp1932m	00:04:39.635	00:04:39.988
702	эксперимент	эксперимент	NOUN	_	Animacy=Inan|Case=Nom|Gender=Masc|Number=Sing	_	_	_	words@knp1932m	@knp1932m	00:04:39.988	00:04:40.608
703	должен	должен	ADJ	_	Degree=Pos|Gender=Masc|Number=Sing|Variant=Short	_	_	_	words@knp1932m	@knp1932m	00:04:40.608	00:04:40.977
704	был	быть	AUX	_	Aspect=Imp|Gender=Masc|Mood=Ind|Number=Sing|Tense=Past|VerbForm=Fin|Voice=Act	_	_	_	words@knp1932m	@knp1932m	00:04:40.977	00:04:41.171
705	проводиться	проводить	VERB	_	Aspect=Imp|VerbForm=Inf|Voice=Pass	_	_	_	words@knp1932m	@knp1932m	00:04:41.171	00:04:41.768
706	/	/	PUNCT	_	_	_	_	_	words@knp1932m	@knp1932m	00:04:41.768	00:04:41.835
707	при	при	ADP	_	_	_	_	_	words@knp1932m	@knp1932m	00:04:41.835	00:04:41.988
708	малой	малый	ADJ	_	Case=Loc|Degree=Pos|Gender=Fem|Number=Sing	_	_	_	words@knp1932m	@knp1932m	00:04:41.988	00:04:42.337
709	мощности	мощность	NOUN	_	Animacy=Inan|Case=Loc|Gender=Fem|Number=Sing	_	_	_	words@knp1932m	@knp1932m	00:04:42.337	00:04:42.928
710	реактора	реактор	NOUN	_	Animacy=Inan|Case=Gen|Gender=Masc|Number=Sing	_	_	_	words@knp1932m	@knp1932m	00:04:42.928	00:04:43.671
711	//	//	PUNCT	_	_	_	_	_	words@knp1932m	@knp1932m	00:04:43.671	00:04:43.755
712	начали	начать	VERB	_	Aspect=Perf|Mood=Ind|Number=Plur|Tense=Past|VerbForm=Fin|Voice=Act	_	_	_	words@knp1932m	@knp1932m	00:04:45.488	00:04:45.891
713	уменьшать	уменьшать	VERB	_	Aspect=Imp|VerbForm=Inf|Voice=Act	_	_	_	words@knp1932m	@knp1932m	00:04:45.891	00:04:46.351
714	мощность	мощность	NOUN	_	Animacy=Inan|Case=Acc|Gender=Fem|Number=Sing	_	_	_	words@knp1932m	@knp1932m	00:04:46.351	00:04:46.862
715	реактора	реактор	NOUN	_	Animacy=Inan|Case=Gen|Gender=Masc|Number=Sing	_	_	_	words@knp1932m	@knp1932m	00:04:46.862	00:04:47.524
716	//	//	PUNCT	_	_	_	_	_	words@knp1932m	@knp1932m	00:04:47.524	00:04:47.675
717	а	а	CCONJ	_	_	_	_	_	words@knp1932m	@knp1932m	00:04:49.739	00:04:49.955
718	здесь	здесь	ADV	_	Degree=Pos	_	_	_	words@knp1932m	@knp1932m	00:04:49.955	00:04:50.239
719	очень	очень	ADV	_	Degree=Pos	_	_	_	words@knp1932m	@knp1932m	00:04:50.239	00:04:50.488
720	характерная	характерный	ADJ	_	Case=Nom|Degree=Pos|Gender=Fem|Number=Sing	_	_	_	words@knp1932m	@knp1932m	00:04:50.488	00:04:51.297
721	/	/	PUNCT	_	_	_	_	_	words@knp1932m	@knp1932m	00:04:51.297	00:04:51.457
722	атомная	атомный	ADJ	_	Case=Nom|Degree=Pos|Gender=Fem|Number=Sing	_	_	_	words@knp1932m	@knp1932m	00:04:51.457	00:04:51.899
723	станция	станция	NOUN	_	Animacy=Inan|Case=Nom|Gender=Fem|Number=Sing	_	_	_	words@knp1932m	@knp1932m	00:04:51.899	00:04:52.448
724	атомные	атомный	ADJ	_	Animacy=Inan|Case=Acc|Degree=Pos|Number=Plur	_	_	_	words@knp1932m	@knp1932m	00:04:52.448	00:04:52.879
725	реакторы	реактор	NOUN	_	Animacy=Inan|Case=Acc|Gender=Masc|Number=Plur	_	_	_	words@knp1932m	@knp1932m	00:04:52.879	00:04:53.377
726	очень	очень	ADV	_	Degree=Pos	_	_	_	words@knp1932m	@knp1932m	00:04:53.377	00:04:53.828
727	так	так	ADV	_	Degree=Pos	_	_	_	words@knp1932m	@knp1932m	00:04:53.828	00:04:53.966
728	сказать	сказать	VERB	_	Aspect=Perf|VerbForm=Inf|Voice=Act	_	_	_	words@knp1932m	@knp1932m	00:04:53.966	00:04:54.295
729	/	/	PUNCT	_	_	_	_	_	words@knp1932m	@knp1932m	00:04:54.295	00:04:54.673
730	эээ	эээ	PRON	_	Abbr=Yes	_	_	_	words@knp1932m	@knp1932m	00:04:54.673	00:04:55.042
731	имеют	иметь	VERB	_	Aspect=Imp|Mood=Ind|Number=Plur|Person=3|Tense=Pres|VerbForm=Fin|Voice=Act	_	_	_	words@knp1932m	@knp1932m	00:04:55.042	00:04:55.388
732	большую	большой	ADJ	_	Case=Acc|Degree=Pos|Gender=Fem|Number=Sing	_	_	_	words@knp1932m	@knp1932m	00:04:55.388	00:04:55.919
733	особенность	особенность	NOUN	_	Animacy=Inan|Case=Acc|Gender=Fem|Number=Sing	_	_	_	words@knp1932m	@knp1932m	00:04:55.919	00:04:56.735
734	/	/	PUNCT	_	_	_	_	_	words@knp1932m	@knp1932m	00:04:56.735	00:04:56.784
735	значит	значит	ADV	_	Degree=Pos	_	_	_	words@knp1932m	@knp1932m	00:04:56.784	00:04:57.106
736	вот	вот	PART	_	_	_	_	_	words@knp1932m	@knp1932m	00:04:57.106	00:04:57.435
737	если	если	SCONJ	_	_	_	_	_	words@knp1932m	@knp1932m	00:04:57.435	00:04:57.775
738	реактор	реактор	NOUN	_	Animacy=Inan|Case=Nom|Gender=Masc|Number=Sing	_	_	_	words@knp1932m	@knp1932m	00:04:57.775	00:04:58.148
739	работал	работать	VERB	_	Aspect=Imp|Gender=Masc|Mood=Ind|Number=Sing|Tense=Past|VerbForm=Fin|Voice=Act	_	_	_	words@knp1932m	@knp1932m	00:04:58.148	00:04:58.602
740	на	на	ADP	_	_	_	_	_	words@knp1932m	@knp1932m	00:04:58.602	00:04:58.691
741	определенной	определенный	ADJ	_	Case=Loc|Degree=Pos|Gender=Fem|Number=Sing	_	_	_	words@knp1932m	@knp1932m	00:04:58.691	00:04:59.333
742	уро...	уро...	NOUN	_	Abbr=Yes	_	_	_	words@knp1932m	@knp1932m	00:04:59.333	00:04:59.571
743	на	на	ADP	_	_	_	_	_	words@knp1932m	@knp1932m	00:04:59.571	00:04:59.651
744	определенном	определенный	ADJ	_	Case=Loc|Degree=Pos|Gender=Masc|Number=Sing	_	_	_	words@knp1932m	@knp1932m	00:04:59.651	00:05:00.059
745	уровне	уровень	NOUN	_	Animacy=Inan|Case=Loc|Gender=Masc|Number=Sing	_	_	_	words@knp1932m	@knp1932m	00:05:00.059	00:05:00.324
746	мощности	мощность	NOUN	_	Animacy=Inan|Case=Gen|Gender=Fem|Number=Sing	_	_	_	words@knp1932m	@knp1932m	00:05:00.324	00:05:01.037
747	/	/	PUNCT	_	_	_	_	_	words@knp1932m	@knp1932m	00:05:01.037	00:05:01.686
748	а	а	CCONJ	_	_	_	_	_	words@knp1932m	@knp1932m	00:05:01.686	00:05:01.831
749	потом	потом	ADV	_	Degree=Pos	_	_	_	words@knp1932m	@knp1932m	00:05:01.831	00:05:02.299
750	/	/	PUNCT	_	_	_	_	_	words@knp1932m	@knp1932m	00:05:02.299	00:05:02.471
751	мощность	мощность	NOUN	_	Animacy=Inan|Case=Acc|Gender=Fem|Number=Sing	_	_	_	words@knp1932m	@knp1932m	00:05:02.471	00:05:03.211
752	/	/	PUNCT	_	_	_	_	_	words@knp1932m	@knp1932m	00:05:03.211	00:05:03.557
753	да...	да...	NOUN	_	Abbr=Yes	_	_	_	words@knp1932m	@knp1932m	00:05:03.557	00:05:03.882
754	резко	резко	ADV	_	Degree=Pos	_	_	_	words@knp1932m	@knp1932m	00:05:03.882	00:05:04.562
755	снизить	снизить	VERB	_	Aspect=Perf|VerbForm=Inf|Voice=Act	_	_	_	words@knp1932m	@knp1932m	00:05:04.562	00:05:05.348
756	/	/	PUNCT	_	_	_	_	_	words@knp1932m	@knp1932m	00:05:05.348	00:05:06.291
757	то	то	SCONJ	_	_	_	_	_	words@knp1932m	@knp1932m	00:05:06.291	00:05:06.491
758	он	он	PRON	_	Case=Nom|Gender=Masc|Number=Sing|Person=3	_	_	_	words@knp1932m	@knp1932m	00:05:06.491	00:05:06.746
759	попадает	попадать	VERB	_	Aspect=Imp|Mood=Ind|Number=Sing|Person=3|Tense=Pres|VerbForm=Fin|Voice=Act	_	_	_	words@knp1932m	@knp1932m	00:05:06.746	00:05:07.299
760	в	в	ADP	_	_	_	_	_	words@knp1932m	@knp1932m	00:05:07.299	00:05:07.419
761	так	так	ADV	_	Degree=Pos	_	_	_	words@knp1932m	@knp1932m	00:05:07.419	00:05:07.613
762	называемую	называть	VERB	_	Aspect=Imp|Case=Acc|Gender=Fem|Number=Sing|Tense=Pres|VerbForm=Part|Voice=Pass	_	_	_	words@knp1932m	@knp1932m	00:05:07.613	00:05:08.313
763	иодную	иодный	ADJ	_	Case=Acc|Degree=Pos|Gender=Fem|Number=Sing	_	_	_	words@knp1932m	@knp1932m	00:05:08.313	00:05:08.891
764	яму	яма	NOUN	_	Animacy=Inan|Case=Acc|Gender=Fem|Number=Sing	_	_	_	words@knp1932m	@knp1932m	00:05:08.891	00:05:09.288
765	//	//	PUNCT	_	_	_	_	_	words@knp1932m	@knp1932m	00:05:09.288	00:05:09.359